fips,name,votes,absentee_votes,reporting,precincts,absentee_method,eevp,tot_exp_vote,eevp_value,eevp_display,eevp_source,turnout_stage,absentee_count_progress,absentee_outstanding,absentee_max_ballots,provisional_outstanding,provisional_count_progress,results_trumpd,results_bidenj,results_jorgensenj,results_la_rivag,results_collinsp,results_westk,results_hawkinsh,results_gammonc,results_blankenshipd,results_carrollb,results_de_la_fuenter,results_myersj,results_pierceb,results_absentee_trumpd,results_absentee_bidenj,results_absentee_jorgensenj,results_absentee_la_rivag,results_absentee_collinsp,results_absentee_westk,results_absentee_hawkinsh,results_absentee_gammonc,results_absentee_blankenshipd,results_absentee_carrollb,results_absentee_de_la_fuenter,results_absentee_myersj,results_absentee_pierceb,last_updated,leader_margin_value,leader_margin_display,leader_margin_name_display,leader_party_id,margin2020,votes2016,margin2016,votes2012,margin2012,state,retrieved_time
05001,Arkansas,6284,5527,27,30,Released as a precinct as first report of the night,94,6697,94%,94% reported,edison,2,unknown,,6286,,,4301,1813,46,23,22,19,16,13,9,7,7,4,4,3801,1589,38,20,18,14,11,11,7,5,7,2,4,2020-11-11T03:25:56Z,39.59262,R+40,Trump +40,republican,39.59262,6212,30.4,6494,22.21,arkansas,2020-11-14T00:43:09.152456Z
05003,Ashley,7926,7911,26,30,Released as a separate subtotal as first report of the night,100,7911,>98%,>98% reported,edison,6,unknown,,5934,,,5548,2125,25,27,44,43,9,34,30,10,9,17,5,5540,2119,25,26,44,43,9,34,30,10,9,17,5,2020-11-11T03:25:58Z,43.18698,R+43,Trump +43,republican,43.18698,8083,36.2,7921,25.35,arkansas,2020-11-14T00:43:09.152456Z
05005,Baxter,21007,17888,41,43,Merged into voters' home precincts and released with cumulative results,95,22138,95%,95% reported,edison,4,some,,16848,,,15836,4635,183,10,31,72,43,16,78,27,24,11,41,13296,4186,138,6,24,48,33,13,60,19,22,8,35,2020-11-14T00:04:47Z,53.32032,R+53,Trump +53,republican,53.32032,19766,53.2,19339,44.04,arkansas,2020-11-14T00:43:09.152456Z
05007,Benton,119912,102890,117,117,Released as a separate subtotal as first report of the night,100,117000,>98%,>98% reported,edison,4,some,,64995,,,73965,42249,1972,105,116,323,277,102,115,170,153,90,275,62366,37684,1507,79,92,237,213,88,92,131,115,69,217,2020-11-14T00:04:50Z,26.4494,R+26,Trump +26,republican,26.4494,96824,33.9,79257,40.39,arkansas,2020-11-14T00:43:09.152456Z
05009,Boone,17114,12784,28,30,Released as a separate subtotal as first report of the night,100,17103,>98%,>98% reported,edison,6,all,,15309,,,13652,3064,153,9,22,39,55,21,17,37,12,13,20,9946,2572,89,5,19,23,41,17,12,28,8,9,15,2020-11-13T19:45:49Z,61.86748,R+62,Trump +62,republican,61.86748,16111,57.8,15391,48,arkansas,2020-11-14T00:43:09.152456Z
05011,Bradley,3644,2551,12,14,Released as a precinct as first report of the night,97,3767,97%,97% reported,edison,2,unknown,,2557,,,2332,1208,32,14,10,15,4,1,8,6,0,4,10,1560,918,25,12,7,7,4,0,7,1,0,2,8,2020-11-11T03:26:33Z,30.84523,R+31,Trump +31,republican,30.84523,3653,23.2,3652,18.76,arkansas,2020-11-14T00:43:09.152456Z
05013,Calhoun,2182,1409,17,20,Released as a precinct as first report of the night,93,2340,93%,93% reported,edison,2,unknown,,1190,,,1636,479,16,2,6,12,8,4,2,3,3,2,9,1030,339,12,1,2,9,3,3,0,1,2,1,6,2020-11-13T19:45:49Z,53.02475,R+53,Trump +53,republican,53.02475,2269,40.4,2174,36.71,arkansas,2020-11-14T00:43:09.152456Z
05015,Carroll,11797,9297,13,13,Other,100,11095,>98%,>98% reported,edison,4,all,,6619,,,7424,4023,100,5,22,40,48,20,26,28,22,30,9,5489,3562,59,5,13,25,37,11,22,23,19,24,8,2020-11-14T00:04:46Z,28.82936,R+29,Trump +29,republican,28.82936,10758,32,10183,23.85,arkansas,2020-11-14T00:43:09.152456Z
05017,Chicot,4103,2887,11,13,Released as a precinct as first report of the night,84,4884,84%,84% reported,edison,2,unknown,,2805,,,1752,2260,17,7,5,20,5,2,5,8,2,4,16,1390,1436,13,4,4,12,4,1,4,4,2,3,10,2020-11-13T19:45:49Z,12.38118,D+12,Biden +12,democrat,-12.38118,4176,-15.2,4361,-22.45,arkansas,2020-11-14T00:43:09.152456Z
05019,Clark,8358,0,27,27,Merged into voters' home precincts and released with cumulative results,100,8358,>98%,>98% reported,edison,6,all,,6814,,,4605,3413,78,12,66,37,48,12,29,24,13,11,10,0,0,0,0,0,0,0,0,0,0,0,0,0,2020-11-11T22:20:22Z,14.26179,R+14,Trump +14,republican,14.26179,8526,9.2,8409,6.33,arkansas,2020-11-14T00:43:09.152456Z
05021,Clay,5183,1403,15,17,Other,97,5363,97%,97% reported,edison,2,unknown,,3371,,,4086,962,53,3,13,11,11,4,19,3,1,8,9,1087,269,23,1,3,4,5,1,4,1,0,4,1,2020-11-13T14:49:42Z,60.27397,R+60,Trump +60,republican,60.27397,5200,49.7,5110,29.1,arkansas,2020-11-14T00:43:09.152456Z
05023,Cleburne,12617,8471,32,34,Other,100,12617,>98%,>98% reported,edison,6,some,,7784,,,10292,1962,105,2,74,29,10,24,57,26,7,19,10,6711,1530,70,1,46,15,4,20,34,13,4,16,7,2020-11-11T03:26:32Z,66.02203,R+66,Trump +66,republican,66.02203,12085,60.9,11647,52.14,arkansas,2020-11-14T00:43:09.152456Z
05025,Cleveland,3600,2164,16,17,"As a subtotal in the FIRST cumulative report, along with regular precincts",100,3459,>98%,>98% reported,edison,2,unknown,,1656,,,2867,651,27,1,8,5,8,2,5,2,5,8,11,1654,461,14,0,5,4,4,1,3,1,4,6,7,2020-11-13T15:00:47Z,61.55556,R+62,Trump +62,republican,61.55556,3354,51.8,3266,44.95,arkansas,2020-11-14T00:43:09.152456Z
05027,Columbia,8550,7318,12,14,"As a precinct in the FIRST cumulative report, along with regular precincts",100,8550,>98%,>98% reported,edison,6,all,,9640,,,5469,2781,53,12,26,17,71,9,47,17,27,10,11,4713,2363,41,10,17,11,61,8,37,16,26,9,6,2020-11-11T03:26:32Z,31.4386,R+31,Trump +31,republican,31.4386,8887,26.1,9455,23.62,arkansas,2020-11-14T00:43:09.152456Z
05029,Conway,8641,5943,30,31,Released as a precinct as first report of the night,100,8641,>98%,>98% reported,edison,6,all,,5139,,,5672,2593,78,5,88,31,18,20,22,8,34,49,23,3634,2093,52,1,48,19,9,14,13,5,21,21,13,2020-11-11T03:26:33Z,35.63245,R+36,Trump +36,republican,35.63245,7927,27.7,7730,19.52,arkansas,2020-11-14T00:43:09.152456Z
05031,Craighead,38511,28532,51,53,Released as a precinct as first report of the night,100,38364,>98%,>98% reported,edison,6,all,,28910,,,25558,11921,440,40,40,157,121,43,71,64,17,11,28,18477,9435,277,20,23,83,63,27,42,46,11,9,19,2020-11-13T16:56:46Z,35.41066,R+35,Trump +35,republican,35.41066,35573,34.7,31700,30.99,arkansas,2020-11-14T00:43:09.152456Z
05033,Crawford,24091,18786,41,43,Released as a precinct as first report of the night,96,25144,96%,96% reported,edison,4,some,,10542,,,18607,4959,274,8,39,49,35,22,22,9,26,12,29,14299,4132,177,5,27,29,25,17,16,6,21,8,24,2020-11-14T00:04:49Z,56.65186,R+57,Trump +57,republican,56.65186,22450,54.3,20591,49.85,arkansas,2020-11-14T00:43:09.152456Z
05035,Crittenden,16086,13305,20,22,Released as a precinct as first report of the night,86,18722,86%,86% reported,edison,2,unknown,,16062,,,7244,8325,112,21,44,127,29,63,25,24,35,19,18,6182,6750,95,12,28,89,21,42,19,16,23,12,16,2020-11-11T03:26:29Z,6.72013,D+7,Biden +7,democrat,-6.72013,15952,-9.1,16716,-14.89,arkansas,2020-11-14T00:43:09.152456Z
05037,Cross,6911,5545,19,21,Released as a precinct as first report of the night,97,7090,97%,97% reported,edison,2,unknown,,6533,,,4928,1759,48,5,30,37,8,5,14,9,4,43,21,3952,1428,36,5,17,26,4,3,10,8,4,35,17,2020-11-11T03:26:30Z,45.85443,R+46,Trump +46,republican,45.85443,6874,37.6,6681,29.79,arkansas,2020-11-14T00:43:09.152456Z
05039,Dallas,2649,1701,8,9,Released as a precinct as first report of the night,77,3454,77%,77% reported,edison,2,unknown,,2288,,,1573,963,14,9,8,19,3,8,9,3,5,17,18,928,712,8,8,3,8,2,4,6,2,3,7,10,2020-11-11T03:26:31Z,23.02756,R+23,Trump +23,republican,23.02756,2771,12.4,3084,10.64,arkansas,2020-11-14T00:43:09.152456Z
05041,Desha,4164,3166,18,21,Released as a precinct as first report of the night,84,4950,84%,84% reported,edison,2,unknown,,1597,,,1921,2016,18,37,10,24,10,5,10,5,33,35,40,1503,1514,12,22,7,13,8,2,8,3,22,25,27,2020-11-12T16:43:42Z,2.28146,D+2,Biden +2,democrat,-2.28146,4257,-7.3,4420,-12.38,arkansas,2020-11-14T00:43:09.152456Z
05043,Drew,6879,5420,18,19,Released as a precinct as first report of the night,100,6841,>98%,>98% reported,edison,2,some,,5899,,,4338,2408,27,4,14,38,21,0,2,6,3,8,10,3389,1951,18,0,8,23,14,0,0,4,2,2,9,2020-11-11T03:26:31Z,28.0564,R+28,Trump +28,republican,28.0564,6595,24.3,6633,18.95,arkansas,2020-11-14T00:43:09.152456Z
05045,Faulkner,54264,46862,51,51,Released as a precinct as first report of the night,100,54000,>98%,>98% reported,edison,4,some,,39644,,,34338,18267,840,61,78,189,158,15,53,91,56,67,51,29266,16278,654,45,54,145,127,14,45,83,47,58,46,2020-11-11T03:26:32Z,29.61632,R+30,Trump +30,republican,29.61632,47527,31,41460,31.6,arkansas,2020-11-14T00:43:09.152456Z
05047,Franklin,7129,5485,37,39,Merged into voters' home precincts and released with cumulative results,100,6982,>98%,>98% reported,edison,2,unknown,,4789,,,5677,1300,67,0,17,11,9,4,11,15,10,3,5,4309,1071,48,0,13,10,8,1,4,10,6,1,4,2020-11-13T20:42:43Z,61.39711,R+61,Trump +61,republican,61.39711,6770,54.1,6540,44.42,arkansas,2020-11-14T00:43:09.152456Z
05049,Fulton,5098,3549,10,10,Released as a precinct in the middle of the night,100,5098,>98%,>98% reported,edison,6,some,,3222,,,3944,1031,38,5,10,9,4,2,14,1,7,4,29,2650,823,24,3,4,4,2,2,11,1,5,3,17,2020-11-11T03:26:27Z,57.14005,R+57,Trump +57,republican,57.14005,4772,50.4,4522,33.1,arkansas,2020-11-14T00:43:09.152456Z
05051,Garland,44199,38396,54,56,"As a subtotal in the FIRST cumulative report, along with regular precincts",97,45702,97%,97% reported,edison,2,some,,38437,,,29069,14045,396,28,64,88,102,73,137,51,27,31,88,24871,12674,310,19,51,57,79,58,112,47,19,25,74,2020-11-13T17:23:42Z,33.99172,R+34,Trump +34,republican,33.99172,40805,33.8,40728,29.98,arkansas,2020-11-14T00:43:09.152456Z
05053,Grant,8200,6018,18,18,Released as a precinct as first report of the night,100,8197,>98%,>98% reported,edison,6,all,,3816,,,6794,1268,56,3,11,9,8,9,6,6,10,13,7,4922,1015,34,0,4,7,6,5,4,3,7,7,4,2020-11-11T03:26:28Z,67.39024,R+67,Trump +67,republican,67.39024,7445,58.5,6479,51.88,arkansas,2020-11-14T00:43:09.152456Z
05055,Greene,16066,13237,65,66,Released separately AFTER election night,98,16352,98%,98% reported,edison,2,unknown,,12003,,,12651,3045,188,6,36,43,32,16,9,9,8,6,17,10353,2617,141,4,28,25,22,9,8,6,6,5,13,2020-11-11T03:26:28Z,59.79086,R+60,Trump +60,republican,59.79086,14600,52.4,13761,36.85,arkansas,2020-11-14T00:43:09.152456Z
05057,Hempstead,6838,4665,24,24,Released as a separate subtotal as first report of the night,94,7270,94%,94% reported,edison,4,unknown,,4430,,,4463,2135,31,4,19,58,24,25,6,5,18,22,28,2837,1683,19,2,9,32,16,17,3,4,12,11,20,2020-11-11T03:26:29Z,34.04504,R+34,Trump +34,republican,34.04504,7049,28.7,6921,26.24,arkansas,2020-11-14T00:43:09.152456Z
05059,Hot Spring,12557,10473,29,31,Released as a separate subtotal as first report of the night,94,13377,94%,94% reported,edison,2,unknown,,6128,,,9202,3082,93,6,26,38,16,17,15,11,6,8,37,7589,2681,64,3,22,27,10,16,10,9,5,5,32,2020-11-13T18:12:43Z,48.73776,R+49,Trump +49,republican,48.73776,11944,42.1,11260,29.01,arkansas,2020-11-14T00:43:09.152456Z
05061,Howard,4834,4497,33,36,Merged into voters' home precincts AFTER election night,100,4821,>98%,>98% reported,edison,2,unknown,,3030,,,3367,1340,27,14,20,17,11,8,13,4,2,1,10,3192,1182,26,14,19,16,11,8,12,4,2,1,10,2020-11-13T16:56:47Z,41.93215,R+42,Trump +42,republican,41.93215,4674,38.6,4462,31.85,arkansas,2020-11-14T00:43:09.152456Z
05063,Independence,14486,11011,32,34,Released as a separate subtotal at the end of tabulation,100,14041,>98%,>98% reported,edison,2,unknown,,7256,,,11232,2798,147,9,99,58,23,17,29,16,6,7,45,8388,2317,107,6,66,28,16,12,18,13,4,4,32,2020-11-11T03:26:25Z,58.22173,R+58,Trump +58,republican,58.22173,13614,51.8,12397,43.94,arkansas,2020-11-14T00:43:09.152456Z
05065,Izard,5792,4131,45,47,"As a precinct in the FIRST cumulative report, along with regular precincts",100,5619,>98%,>98% reported,edison,2,unknown,,3837,,,4615,1019,55,2,12,14,4,8,30,12,2,13,6,3211,814,37,1,7,11,3,5,18,8,1,10,5,2020-11-11T03:26:25Z,62.08564,R+62,Trump +62,republican,62.08564,5448,53.8,5278,38.86,arkansas,2020-11-14T00:43:09.152456Z
05067,Jackson,5091,3524,40,45,Released as a precinct at the end of tabulation,100,5076,>98%,>98% reported,edison,6,all,,4320,,,3593,1365,37,5,10,25,5,3,19,8,8,11,2,2357,1085,23,4,5,18,4,1,11,5,4,6,1,2020-11-13T16:07:47Z,43.7635,R+44,Trump +44,republican,43.7635,5156,32.7,5347,18.27,arkansas,2020-11-14T00:43:09.152456Z
05069,Jefferson,25030,16289,147,170,Released as a separate subtotal as first report of the night,82,30669,82%,82% reported,edison,2,unknown,,18848,,,9500,14882,103,72,59,132,25,49,24,58,77,22,27,4973,10925,49,50,35,71,21,31,15,33,57,12,17,2020-11-11T03:26:26Z,21.5022,D+22,Biden +22,democrat,-21.5022,25894,-25.2,27383,-29.03,arkansas,2020-11-14T00:43:09.152456Z
05071,Johnson,9402,6441,20,22,Released as a separate subtotal as first report of the night,100,9397,>98%,>98% reported,edison,2,unknown,,5392,,,6867,2262,95,11,31,30,25,6,20,13,15,3,24,4519,1759,55,8,20,15,16,4,12,10,8,1,14,2020-11-11T03:26:19Z,48.97894,R+49,Trump +49,republican,48.97894,9112,40.2,8098,27.97,arkansas,2020-11-14T00:43:09.152456Z
05073,Lafayette,2679,2333,21,25,Released as a separate subtotal as first report of the night,82,3280,82%,82% reported,edison,2,unknown,,2162,,,1757,839,9,12,13,22,5,1,6,0,5,3,7,1574,679,8,12,13,21,5,1,6,0,4,3,7,2020-11-11T03:26:20Z,34.26652,R+34,Trump +34,republican,34.26652,2860,25.4,2929,18.44,arkansas,2020-11-14T00:43:09.152456Z
05075,Lawrence,5857,3994,26,28,Released as a precinct as first report of the night,100,5863,>98%,>98% reported,edison,2,unknown,,3298,,,4569,1080,52,2,49,16,8,3,45,9,3,9,12,3032,823,38,2,36,10,5,1,27,5,3,5,7,2020-11-11T03:26:20Z,59.56975,R+60,Trump +60,republican,59.56975,5685,49.3,5540,31.55,arkansas,2020-11-14T00:43:09.152456Z
05077,Lee,2848,2101,8,9,"As a subtotal in the FIRST cumulative report, along with regular precincts",74,3835,74%,74% reported,edison,2,unknown,,2378,,,1286,1423,8,26,18,15,7,24,14,8,6,5,8,874,1114,8,22,12,11,5,21,9,7,5,5,8,2020-11-11T03:26:22Z,4.81039,D+5,Biden +5,democrat,-4.81039,3026,-16.7,3424,-24.15,arkansas,2020-11-14T00:43:09.152456Z
05079,Lincoln,3870,2277,23,26,Released as a separate subtotal as first report of the night,100,3870,>98%,>98% reported,edison,6,unknown,,2160,,,2725,1031,21,16,21,14,20,6,3,2,4,4,3,1628,588,12,8,15,6,6,5,2,1,2,3,1,2020-11-11T03:26:23Z,43.77261,R+44,Trump +44,republican,43.77261,3826,31.4,3726,20.77,arkansas,2020-11-14T00:43:09.152456Z
05081,Little River,5178,4130,19,22,Merged into voters' home precincts AFTER election night,100,5178,>98%,>98% reported,edison,6,all,,2893,,,3714,1226,44,19,11,17,7,13,83,3,1,29,11,2914,1036,34,15,11,12,6,10,57,3,0,24,8,2020-11-11T03:26:23Z,48.04944,R+48,Trump +48,republican,48.04944,5227,42.2,5051,36.29,arkansas,2020-11-14T00:43:09.152456Z
05083,Logan,8222,5805,33,36,Merged into voters' home precincts and released with cumulative results,100,8170,>98%,>98% reported,edison,2,unknown,,4488,,,6438,1544,88,6,27,24,16,12,28,7,5,14,13,4452,1200,50,5,18,13,13,8,18,4,4,11,9,2020-11-11T03:26:11Z,59.52323,R+60,Trump +60,republican,59.52323,7921,50.9,7331,41.88,arkansas,2020-11-14T00:43:09.152456Z
05085,Lonoke,30660,26484,55,55,Released as a separate subtotal as first report of the night,100,30352,>98%,>98% reported,edison,2,unknown,,20792,,,22884,6684,403,37,48,71,72,124,63,19,97,123,35,19718,5870,322,31,36,51,62,101,53,16,87,110,27,2020-11-11T03:26:12Z,52.83757,R+53,Trump +53,republican,52.83757,27100,52.7,24114,50.82,arkansas,2020-11-14T00:43:09.152456Z
05087,Madison,7315,4452,10,10,Released as a precinct as first report of the night,100,7315,>98%,>98% reported,edison,6,all,,3048,,,5630,1555,54,4,18,10,19,3,3,3,6,2,8,3199,1182,28,1,15,3,8,2,1,3,4,1,5,2020-11-11T03:26:13Z,55.70745,R+56,Trump +56,republican,55.70745,6841,48.8,6568,32.95,arkansas,2020-11-14T00:43:09.152456Z
05089,Marion,7503,5322,29,31,Released as a separate subtotal as first report of the night,100,7481,>98%,>98% reported,edison,6,all,,5478,,,5783,1531,65,4,19,7,19,27,7,7,7,20,7,3999,1201,39,4,11,3,14,20,4,6,4,12,5,2020-11-13T18:36:43Z,56.67067,R+57,Trump +57,republican,56.67067,7107,54.9,7051,38.82,arkansas,2020-11-14T00:43:09.152456Z
05091,Miller,16506,12852,17,19,Released as a separate subtotal as first report of the night,92,18022,92%,92% reported,edison,2,unknown,,11867,,,11907,4235,101,19,27,28,41,17,19,7,29,35,41,9114,3480,67,13,19,19,31,14,16,6,17,26,30,2020-11-11T03:26:16Z,46.48007,R+46,Trump +46,republican,46.48007,16091,43.6,15329,39.82,arkansas,2020-11-14T00:43:09.152456Z
05093,Mississippi,12287,9304,15,18,Released as a separate subtotal as first report of the night,89,13794,89%,89% reported,edison,2,unknown,,13013,,,7262,4542,121,13,86,48,23,16,28,44,17,35,52,5253,3715,75,8,68,31,16,9,22,34,13,19,41,2020-11-11T03:26:18Z,22.13722,R+22,Trump +22,republican,22.13722,13204,10.5,13375,1.02,arkansas,2020-11-14T00:43:09.152456Z
05095,Monroe,2815,1791,7,8,Released as a separate subtotal as first report of the night,78,3618,78%,78% reported,edison,2,unknown,,1656,,,1545,1146,12,19,6,10,33,20,5,1,2,12,4,1008,730,8,7,2,5,14,5,2,1,1,4,4,2020-11-11T03:26:19Z,14.17407,R+14,Trump +14,republican,14.17407,2884,6.1,3230,0.06,arkansas,2020-11-14T00:43:09.152456Z
05097,Montgomery,3839,2773,15,16,"As a subtotal in the FIRST cumulative report, along with regular precincts",100,3671,>98%,>98% reported,edison,2,unknown,,2037,,,3021,722,26,3,6,4,7,4,2,31,9,3,1,2105,600,19,3,3,3,5,4,2,17,8,3,1,2020-11-11T03:26:20Z,59.88539,R+60,Trump +60,republican,59.88539,3559,53.2,3404,42.57,arkansas,2020-11-14T00:43:09.152456Z
05099,Nevada,3358,1820,14,15,Released as a separate subtotal as first report of the night,100,3358,>98%,>98% reported,edison,6,all,,1874,,,2133,1076,8,3,29,5,26,0,46,3,8,14,7,1130,627,3,2,17,1,4,0,15,2,7,9,3,2020-11-11T03:26:22Z,31.47707,R+31,Trump +31,republican,31.47707,3246,26,3384,20.15,arkansas,2020-11-14T00:43:09.152456Z
05101,Newton,3998,2077,18,19,Released as a separate subtotal at the end of tabulation,100,3870,>98%,>98% reported,edison,2,unknown,,2074,,,3192,709,23,0,4,13,11,8,15,4,8,2,9,1540,492,15,0,1,4,5,0,7,2,6,2,3,2020-11-11T03:26:23Z,62.10605,R+62,Trump +62,republican,62.10605,3753,58,3661,41.38,arkansas,2020-11-14T00:43:09.152456Z
05103,Ouachita,8993,7624,15,19,Released as a separate subtotal as first report of the night,78,11553,78%,78% reported,edison,2,unknown,,8051,,,5253,3395,83,13,50,38,60,9,8,13,11,29,31,4344,2988,72,12,44,27,52,8,7,11,10,25,24,2020-11-11T03:26:23Z,20.66051,R+21,Trump +21,republican,20.66051,9935,10.4,10315,8.61,arkansas,2020-11-14T00:43:09.152456Z
05105,Perry,4627,3282,16,17,"As a precinct in the FIRST cumulative report, along with regular precincts",100,4607,>98%,>98% reported,edison,6,all,,2160,,,3479,1012,35,4,2,26,20,14,12,10,8,3,2,2421,784,19,2,1,14,11,8,8,5,6,1,2,2020-11-14T00:04:49Z,53.31748,R+53,Trump +53,republican,53.31748,4306,45.5,3938,35.4,arkansas,2020-11-14T00:43:09.152456Z
05107,Phillips,6155,4182,13,16,Released as a separate subtotal as first report of the night,100,6155,>98%,>98% reported,edison,6,all,,6973,,,2393,3561,15,14,47,44,16,10,23,5,4,13,10,1308,2778,9,11,22,19,9,7,6,3,2,3,5,2020-11-11T03:26:24Z,18.97644,D+19,Biden +19,democrat,-18.97644,6953,-26.8,7930,-32.84,arkansas,2020-11-14T00:43:09.152456Z
05109,Pike,4246,3279,10,11,Merged into voters' home precincts and released with cumulative results,100,4240,>98%,>98% reported,edison,6,all,,2610,,,3519,644,41,0,2,12,4,3,4,4,3,6,4,2693,530,29,0,0,8,3,3,3,3,1,4,2,2020-11-11T03:26:25Z,67.71079,R+68,Trump +68,republican,67.71079,3981,61.9,3788,52.69,arkansas,2020-11-14T00:43:09.152456Z
05111,Poinsett,7418,4239,8,9,Released as a separate subtotal as first report of the night,93,7964,93%,93% reported,edison,2,unknown,,2501,,,5852,1388,39,2,9,10,10,6,38,14,21,11,18,3284,850,22,1,3,4,7,4,24,8,15,9,8,2020-11-11T03:26:25Z,60.17795,R+60,Trump +60,republican,60.17795,7722,46.9,7560,34.18,arkansas,2020-11-14T00:43:09.152456Z
05113,Polk,8490,6316,16,17,Released as a separate subtotal as first report of the night,100,8489,>98%,>98% reported,edison,2,unknown,,5582,,,7035,1246,83,4,28,23,10,14,23,8,8,4,4,5116,1062,54,0,22,14,7,10,15,7,5,2,2,2020-11-13T16:07:43Z,68.1861,R+68,Trump +68,republican,68.1861,8231,65.7,7726,56.94,arkansas,2020-11-14T00:43:09.152456Z
05115,Pope,24367,20680,53,55,Released as a separate subtotal as first report of the night,96,25277,96%,96% reported,edison,4,all,,17896,,,18041,5747,240,25,51,74,54,18,23,37,20,16,21,15201,5047,187,14,40,47,40,11,19,31,11,14,18,2020-11-11T03:26:27Z,50.45348,R+50,Trump +50,republican,50.45348,22569,49.9,20439,47.15,arkansas,2020-11-14T00:43:09.152456Z
05117,Prairie,3465,2038,22,25,Merged into voters' home precincts and released with cumulative results,98,3552,98%,98% reported,edison,2,unknown,,1421,,,2764,646,16,0,3,8,3,3,5,2,3,1,11,1572,442,7,0,1,4,0,3,1,1,1,0,6,2020-11-11T03:26:27Z,61.12554,R+61,Trump +61,republican,61.12554,3444,49.1,3141,40.53,arkansas,2020-11-14T00:43:09.152456Z
05119,Pulaski,165468,130884,127,137,Released as a separate subtotal as first report of the night,92,178949,92%,92% reported,edison,4,all,,127309,,,62389,98855,1632,178,349,711,425,73,129,229,93,119,286,45472,82498,1116,127,219,432,296,55,94,186,81,82,226,2020-11-11T03:26:28Z,22.0381,D+22,Biden +22,democrat,-22.0381,159776,-17.7,159381,-11.46,arkansas,2020-11-14T00:43:09.152456Z
05121,Randolph,6812,5089,27,29,Released as a separate subtotal as first report of the night,100,6769,>98%,>98% reported,edison,6,all,,5349,,,5355,1215,55,9,85,36,10,8,12,9,4,6,8,3932,1000,40,9,54,18,7,5,8,5,3,4,4,2020-11-14T00:04:49Z,60.7751,R+61,Trump +61,republican,60.7751,6379,48.3,5956,27.79,arkansas,2020-11-14T00:43:09.152456Z
05123,Saint Francis,7108,5015,13,15,Released as a separate subtotal as first report of the night,76,9365,76%,76% reported,edison,2,unknown,,5859,,,3242,3604,37,27,22,20,21,15,11,4,8,40,57,2107,2754,20,16,11,14,14,8,6,3,7,24,31,2020-11-14T00:04:49Z,5.09285,D+5,Biden +5,democrat,-5.09285,7430,-11.3,8362,-18.44,arkansas,2020-11-14T00:43:09.152456Z
05125,Saline,56903,47815,41,42,Released as a separate subtotal as first report of the night,100,56903,>98%,>98% reported,edison,6,all,,38510,,,39519,16042,595,18,132,148,117,60,54,43,36,28,111,32619,14193,450,13,102,98,83,43,42,33,29,23,87,2020-11-11T03:26:29Z,41.25793,R+41,Trump +41,republican,41.25793,52100,43.4,47062,42.7,arkansas,2020-11-14T00:43:09.152456Z
05127,Scott,3551,2147,23,26,Released as a separate subtotal as first report of the night,95,3754,95%,95% reported,edison,2,unknown,,1949,,,2962,483,31,3,21,5,5,16,9,2,4,5,5,1722,364,16,1,13,2,3,8,7,1,1,5,4,2020-11-11T03:26:30Z,69.81132,R+70,Trump +70,republican,69.81132,3510,60.7,3640,47.64,arkansas,2020-11-14T00:43:09.152456Z
05129,Searcy,4019,2873,14,15,Released as a precinct as first report of the night,100,3845,>98%,>98% reported,edison,2,unknown,,3016,,,3365,588,30,0,2,7,4,4,9,5,0,2,3,2375,460,18,0,1,6,1,1,2,5,0,2,2,2020-11-11T03:26:31Z,69.09679,R+69,Trump +69,republican,69.09679,3728,63.1,3694,51.03,arkansas,2020-11-14T00:43:09.152456Z
05131,Sebastian,46838,37503,110,117,Released as a separate subtotal as first report of the night,94,49993,94%,94% reported,edison,2,all,,30462,,,31024,14371,798,29,92,147,96,38,55,66,38,31,53,24329,12158,575,15,63,99,66,22,40,51,20,25,40,2020-11-11T03:26:31Z,35.55446,R+36,Trump +36,republican,35.55446,44637,37.7,43362,37.08,arkansas,2020-11-14T00:43:09.152456Z
05133,Sevier,5202,3456,17,17,Released as a separate subtotal as first report of the night,100,4705,>98%,>98% reported,edison,2,unknown,,2310,,,3884,1116,55,18,7,17,10,8,50,10,7,19,1,2532,814,33,9,5,6,5,5,24,6,3,14,0,2020-11-11T03:26:31Z,53.2103,R+53,Trump +53,republican,53.2103,4562,48.4,4330,48.36,arkansas,2020-11-14T00:43:09.152456Z
05135,Sharp,7566,5865,23,25,Released as a separate subtotal as first report of the night,100,7511,>98%,>98% reported,edison,2,unknown,,5603,,,5938,1398,52,5,36,13,29,17,20,6,24,3,25,4519,1179,40,3,26,7,24,10,16,4,16,3,18,2020-11-12T20:12:48Z,60.00529,R+60,Trump +60,republican,60.00529,7249,54.3,7283,38.84,arkansas,2020-11-14T00:43:09.152456Z
05137,Stone,5938,4108,18,19,Released as a precinct in the middle of the night,100,5919,>98%,>98% reported,edison,6,all,,4534,,,4616,1180,47,2,9,21,19,4,18,3,4,6,9,3085,938,20,0,6,14,14,2,9,3,4,5,8,2020-11-11T03:26:32Z,57.8646,R+58,Trump +58,republican,57.8646,5618,51.8,5354,45.2,arkansas,2020-11-14T00:43:09.152456Z
05139,Union,16548,10108,24,28,Released as a separate subtotal as first report of the night,93,17715,93%,93% reported,edison,2,unknown,,12974,,,10446,5559,181,36,32,46,36,48,74,27,4,12,47,5941,3889,92,17,11,27,17,25,34,16,1,8,30,2020-11-11T03:26:32Z,29.53227,R+30,Trump +30,republican,29.53227,16894,27.2,17177,26.22,arkansas,2020-11-14T00:43:09.152456Z
05141,Van Buren,7807,6134,20,21,Released as a precinct as first report of the night,100,7569,>98%,>98% reported,edison,2,unknown,,4338,,,6034,1593,54,4,12,15,19,5,6,22,23,3,17,4665,1353,30,1,8,8,14,5,4,15,18,0,13,2020-11-14T00:02:42Z,56.88485,R+57,Trump +57,republican,56.88485,7339,52.2,6430,39.39,arkansas,2020-11-14T00:43:09.152456Z
05143,Washington,94266,74633,154,154,Released as a separate subtotal as first report of the night,100,91684,>98%,>98% reported,edison,2,unknown,,43475,,,47504,43824,1414,131,105,361,313,107,97,212,51,36,111,35414,37232,945,94,77,228,216,76,64,146,36,23,82,2020-11-14T00:04:48Z,3.90385,R+4,Trump +4,republican,3.90385,81861,9.9,70460,16.25,arkansas,2020-11-14T00:43:09.152456Z
05145,White,30689,21953,91,93,Merged into voters' home precincts and released with cumulative results,98,31359,98%,98% reported,edison,2,unknown,,18262,,,24057,5909,394,12,64,78,40,11,37,25,16,11,35,16893,4595,269,8,36,35,27,8,28,18,8,7,21,2020-11-11T03:26:33Z,59.1352,R+59,Trump +59,republican,59.1352,27999,56.8,26514,53.73,arkansas,2020-11-14T00:43:09.152456Z
05147,Woodruff,2476,1399,17,20,Merged into voters' home precincts and released with cumulative results,89,2769,89%,89% reported,edison,2,unknown,,1078,,,1543,856,14,4,10,9,6,6,3,1,5,12,7,817,535,6,1,8,7,2,4,2,0,2,10,5,2020-11-12T20:05:43Z,27.74637,R+28,Trump +28,republican,27.74637,2571,8.9,2685,-4.21,arkansas,2020-11-14T00:43:09.152456Z
05149,Yell,6711,4859,26,28,Released as a precinct as first report of the night,100,6641,>98%,>98% reported,edison,2,unknown,,3608,,,5205,1275,66,17,14,26,14,13,8,5,19,5,44,3688,1004,48,13,10,21,6,10,6,4,13,4,32,2020-11-11T03:26:33Z,58.56057,R+59,Trump +59,republican,58.56057,6439,48.6,5974,38.83,arkansas,2020-11-14T00:43:09.152456Z
