fips,name,votes,absentee_votes,reporting,precincts,absentee_method,eevp,tot_exp_vote,eevp_value,eevp_display,eevp_source,turnout_stage,absentee_count_progress,absentee_max_ballots,results_mannt,results_barnettk,results_absentee_mannt,results_absentee_barnettk,last_updated,leader_margin_value,leader_margin_display,leader_margin_name_display,leader_party_id,race_id_race,race_slug_race,url_race,state_page_url_race,ap_polls_page_race,race_type_race,election_type_race,election_date_race,runoff_race,race_name_race,office_race,officeid_race,race_rating_race,seat_race,seat_name_race,state_id_race,state_slug_race,state_name_race,state_nyt_abbrev_race,state_shape_race,party_id_race,uncontested_race,report_race,result_race,result_source_race,gain_race,lost_seat_race,votes_race,absentee_votes_race,absentee_counties_race,absentee_count_progress_race,poll_display_race,poll_countdown_display_race,poll_waiting_display_race,poll_time_race,poll_time_short_race,precincts_reporting_race,precincts_total_race,reporting_display_race,reporting_value_race,eevp_race,tot_exp_vote_race,eevp_source_race,eevp_value_race,eevp_display_race,county_data_source_race,incumbent_party_race,no_forecast_race,last_updated_race,has_incumbent_race,leader_margin_value_race,leader_margin_votes_race,leader_margin_display_race,leader_margin_name_display_race,leader_party_id_race,expectations_text_race,expectations_text_short_race,absentee_ballot_deadline_race,absentee_postmark_deadline_race,winner_called_timestamp_race
20009,Barton,10742,2343,38,40,Merged into voters' home precincts and released with cumulative results,100,10651,>98%,>98% reported,edison,6,all,7606,8348,2394,1926,417,2020-11-14T16:40:32Z,55.42729,R+55,Mann +55,republican,KS-G-H-1-2020-11-03,ks-house-general-district-001-2020-11-03,https://www.nytimes.com/interactive/2020/11/03/us/elections/results-kansas-house-district-1.html,https://www.nytimes.com/interactive/2020/11/03/us/elections/results-kansas.html,https://www.nytimes.com/interactive/2020/11/03/us/elections/ap-polls-kansas.html,house,general,2020-11-03,FALSE,U.S. House District 1,U.S. House,H,solid-rep,1,District 1,KS,kansas,Kansas,Kan.,horizontal,"",FALSE,TRUE,winner,AP,FALSE,"",285836,73284,20,unknown,First polls close at 8 p.m. Eastern time.,First polls close in,Most polls have closed.,2020-11-04T01:00:00.000Z,8 p.m.,1273,1336,95% reporting,95%,97,294000,edison,97%,97% reported,edison,republican,FALSE,2020-11-14T16:40:22Z,FALSE,42.93161,122714,R+43,Mann +43,republican,"","",3,0,1604459955514
20017,Chase,1458,0,11,11,"As a subtotal in the FIRST cumulative report, along with regular precincts",98,1481,98%,98% reported,edison,2,unknown,946,1073,385,0,0,2020-11-14T16:39:07Z,47.18793,R+47,Mann +47,republican,KS-G-H-1-2020-11-03,ks-house-general-district-001-2020-11-03,https://www.nytimes.com/interactive/2020/11/03/us/elections/results-kansas-house-district-1.html,https://www.nytimes.com/interactive/2020/11/03/us/elections/results-kansas.html,https://www.nytimes.com/interactive/2020/11/03/us/elections/ap-polls-kansas.html,house,general,2020-11-03,FALSE,U.S. House District 1,U.S. House,H,solid-rep,1,District 1,KS,kansas,Kansas,Kan.,horizontal,"",FALSE,TRUE,winner,AP,FALSE,"",285836,73284,20,unknown,First polls close at 8 p.m. Eastern time.,First polls close in,Most polls have closed.,2020-11-04T01:00:00.000Z,8 p.m.,1273,1336,95% reporting,95%,97,294000,edison,97%,97% reported,edison,republican,FALSE,2020-11-14T16:40:22Z,FALSE,42.93161,122714,R+43,Mann +43,republican,"","",3,0,1604459955514
20023,Cheyenne,1404,0,7,8,Other,94,1495,94%,94% reported,edison,2,unknown,1605,1174,230,0,0,2020-11-14T16:39:08Z,67.23647,R+67,Mann +67,republican,KS-G-H-1-2020-11-03,ks-house-general-district-001-2020-11-03,https://www.nytimes.com/interactive/2020/11/03/us/elections/results-kansas-house-district-1.html,https://www.nytimes.com/interactive/2020/11/03/us/elections/results-kansas.html,https://www.nytimes.com/interactive/2020/11/03/us/elections/ap-polls-kansas.html,house,general,2020-11-03,FALSE,U.S. House District 1,U.S. House,H,solid-rep,1,District 1,KS,kansas,Kansas,Kan.,horizontal,"",FALSE,TRUE,winner,AP,FALSE,"",285836,73284,20,unknown,First polls close at 8 p.m. Eastern time.,First polls close in,Most polls have closed.,2020-11-04T01:00:00.000Z,8 p.m.,1273,1336,95% reporting,95%,97,294000,edison,97%,97% reported,edison,republican,FALSE,2020-11-14T16:40:22Z,FALSE,42.93161,122714,R+43,Mann +43,republican,"","",3,0,1604459955514
20025,Clark,1012,478,6,7,Merged into voters' home precincts and released with cumulative results,98,1031,98%,98% reported,edison,4,all,621,842,170,368,110,2020-11-14T16:39:09Z,66.40316,R+66,Mann +66,republican,KS-G-H-1-2020-11-03,ks-house-general-district-001-2020-11-03,https://www.nytimes.com/interactive/2020/11/03/us/elections/results-kansas-house-district-1.html,https://www.nytimes.com/interactive/2020/11/03/us/elections/results-kansas.html,https://www.nytimes.com/interactive/2020/11/03/us/elections/ap-polls-kansas.html,house,general,2020-11-03,FALSE,U.S. House District 1,U.S. House,H,solid-rep,1,District 1,KS,kansas,Kansas,Kan.,horizontal,"",FALSE,TRUE,winner,AP,FALSE,"",285836,73284,20,unknown,First polls close at 8 p.m. Eastern time.,First polls close in,Most polls have closed.,2020-11-04T01:00:00.000Z,8 p.m.,1273,1336,95% reporting,95%,97,294000,edison,97%,97% reported,edison,republican,FALSE,2020-11-14T16:40:22Z,FALSE,42.93161,122714,R+43,Mann +43,republican,"","",3,0,1604459955514
20027,Clay,4040,0,21,22,Other,100,4052,>98%,>98% reported,edison,2,unknown,3531,3178,862,0,0,2020-11-14T16:39:10Z,57.32673,R+57,Mann +57,republican,KS-G-H-1-2020-11-03,ks-house-general-district-001-2020-11-03,https://www.nytimes.com/interactive/2020/11/03/us/elections/results-kansas-house-district-1.html,https://www.nytimes.com/interactive/2020/11/03/us/elections/results-kansas.html,https://www.nytimes.com/interactive/2020/11/03/us/elections/ap-polls-kansas.html,house,general,2020-11-03,FALSE,U.S. House District 1,U.S. House,H,solid-rep,1,District 1,KS,kansas,Kansas,Kan.,horizontal,"",FALSE,TRUE,winner,AP,FALSE,"",285836,73284,20,unknown,First polls close at 8 p.m. Eastern time.,First polls close in,Most polls have closed.,2020-11-04T01:00:00.000Z,8 p.m.,1273,1336,95% reporting,95%,97,294000,edison,97%,97% reported,edison,republican,FALSE,2020-11-14T16:40:22Z,FALSE,42.93161,122714,R+43,Mann +43,republican,"","",3,0,1604459955514
20029,Cloud,4056,2172,24,26,Released separately AFTER election night,97,4172,97%,97% reported,edison,2,some,1701,3208,848,1517,655,2020-11-14T16:39:11Z,58.1854,R+58,Mann +58,republican,KS-G-H-1-2020-11-03,ks-house-general-district-001-2020-11-03,https://www.nytimes.com/interactive/2020/11/03/us/elections/results-kansas-house-district-1.html,https://www.nytimes.com/interactive/2020/11/03/us/elections/results-kansas.html,https://www.nytimes.com/interactive/2020/11/03/us/elections/ap-polls-kansas.html,house,general,2020-11-03,FALSE,U.S. House District 1,U.S. House,H,solid-rep,1,District 1,KS,kansas,Kansas,Kan.,horizontal,"",FALSE,TRUE,winner,AP,FALSE,"",285836,73284,20,unknown,First polls close at 8 p.m. Eastern time.,First polls close in,Most polls have closed.,2020-11-04T01:00:00.000Z,8 p.m.,1273,1336,95% reporting,95%,97,294000,edison,97%,97% reported,edison,republican,FALSE,2020-11-14T16:40:22Z,FALSE,42.93161,122714,R+43,Mann +43,republican,"","",3,0,1604459955514
20039,Decatur,1444,1442,24,27,Other,93,1546,93%,93% reported,edison,2,some,824,1225,219,1223,219,2020-11-14T16:39:13Z,69.66759,R+70,Mann +70,republican,KS-G-H-1-2020-11-03,ks-house-general-district-001-2020-11-03,https://www.nytimes.com/interactive/2020/11/03/us/elections/results-kansas-house-district-1.html,https://www.nytimes.com/interactive/2020/11/03/us/elections/results-kansas.html,https://www.nytimes.com/interactive/2020/11/03/us/elections/ap-polls-kansas.html,house,general,2020-11-03,FALSE,U.S. House District 1,U.S. House,H,solid-rep,1,District 1,KS,kansas,Kansas,Kan.,horizontal,"",FALSE,TRUE,winner,AP,FALSE,"",285836,73284,20,unknown,First polls close at 8 p.m. Eastern time.,First polls close in,Most polls have closed.,2020-11-04T01:00:00.000Z,8 p.m.,1273,1336,95% reporting,95%,97,294000,edison,97%,97% reported,edison,republican,FALSE,2020-11-14T16:40:22Z,FALSE,42.93161,122714,R+43,Mann +43,republican,"","",3,0,1604459955514
20041,Dickinson,9080,3810,34,34,Merged into voters' home precincts and released with cumulative results,100,8996,>98%,>98% reported,edison,6,all,3990,6988,2092,2519,1291,2020-11-14T16:39:14Z,53.9207,R+54,Mann +54,republican,KS-G-H-1-2020-11-03,ks-house-general-district-001-2020-11-03,https://www.nytimes.com/interactive/2020/11/03/us/elections/results-kansas-house-district-1.html,https://www.nytimes.com/interactive/2020/11/03/us/elections/results-kansas.html,https://www.nytimes.com/interactive/2020/11/03/us/elections/ap-polls-kansas.html,house,general,2020-11-03,FALSE,U.S. House District 1,U.S. House,H,solid-rep,1,District 1,KS,kansas,Kansas,Kan.,horizontal,"",FALSE,TRUE,winner,AP,FALSE,"",285836,73284,20,unknown,First polls close at 8 p.m. Eastern time.,First polls close in,Most polls have closed.,2020-11-04T01:00:00.000Z,8 p.m.,1273,1336,95% reporting,95%,97,294000,edison,97%,97% reported,edison,republican,FALSE,2020-11-14T16:40:22Z,FALSE,42.93161,122714,R+43,Mann +43,republican,"","",3,0,1604459955514
20051,Ellis,13254,6397,35,35,"As a precinct in the FIRST cumulative report, along with regular precincts",100,13033,>98%,>98% reported,edison,6,all,6586,9513,3741,3917,2480,2020-11-14T16:39:14Z,43.54912,R+44,Mann +44,republican,KS-G-H-1-2020-11-03,ks-house-general-district-001-2020-11-03,https://www.nytimes.com/interactive/2020/11/03/us/elections/results-kansas-house-district-1.html,https://www.nytimes.com/interactive/2020/11/03/us/elections/results-kansas.html,https://www.nytimes.com/interactive/2020/11/03/us/elections/ap-polls-kansas.html,house,general,2020-11-03,FALSE,U.S. House District 1,U.S. House,H,solid-rep,1,District 1,KS,kansas,Kansas,Kan.,horizontal,"",FALSE,TRUE,winner,AP,FALSE,"",285836,73284,20,unknown,First polls close at 8 p.m. Eastern time.,First polls close in,Most polls have closed.,2020-11-04T01:00:00.000Z,8 p.m.,1273,1336,95% reporting,95%,97,294000,edison,97%,97% reported,edison,republican,FALSE,2020-11-14T16:40:22Z,FALSE,42.93161,122714,R+43,Mann +43,republican,"","",3,0,1604459955514
20053,Ellsworth,2777,0,23,25,Released as a separate subtotal as first report of the night,98,2846,98%,98% reported,edison,4,all,1286,2100,677,0,0,2020-11-14T16:39:15Z,51.24235,R+51,Mann +51,republican,KS-G-H-1-2020-11-03,ks-house-general-district-001-2020-11-03,https://www.nytimes.com/interactive/2020/11/03/us/elections/results-kansas-house-district-1.html,https://www.nytimes.com/interactive/2020/11/03/us/elections/results-kansas.html,https://www.nytimes.com/interactive/2020/11/03/us/elections/ap-polls-kansas.html,house,general,2020-11-03,FALSE,U.S. House District 1,U.S. House,H,solid-rep,1,District 1,KS,kansas,Kansas,Kan.,horizontal,"",FALSE,TRUE,winner,AP,FALSE,"",285836,73284,20,unknown,First polls close at 8 p.m. Eastern time.,First polls close in,Most polls have closed.,2020-11-04T01:00:00.000Z,8 p.m.,1273,1336,95% reporting,95%,97,294000,edison,97%,97% reported,edison,republican,FALSE,2020-11-14T16:40:22Z,FALSE,42.93161,122714,R+43,Mann +43,republican,"","",3,0,1604459955514
20055,Finney,11245,0,47,47,Merged into voters' home precincts and released with cumulative results,100,10456,>98%,>98% reported,edison,2,unknown,5810,6835,4410,0,0,2020-11-14T16:39:15Z,21.56514,R+22,Mann +22,republican,KS-G-H-1-2020-11-03,ks-house-general-district-001-2020-11-03,https://www.nytimes.com/interactive/2020/11/03/us/elections/results-kansas-house-district-1.html,https://www.nytimes.com/interactive/2020/11/03/us/elections/results-kansas.html,https://www.nytimes.com/interactive/2020/11/03/us/elections/ap-polls-kansas.html,house,general,2020-11-03,FALSE,U.S. House District 1,U.S. House,H,solid-rep,1,District 1,KS,kansas,Kansas,Kan.,horizontal,"",FALSE,TRUE,winner,AP,FALSE,"",285836,73284,20,unknown,First polls close at 8 p.m. Eastern time.,First polls close in,Most polls have closed.,2020-11-04T01:00:00.000Z,8 p.m.,1273,1336,95% reporting,95%,97,294000,edison,97%,97% reported,edison,republican,FALSE,2020-11-14T16:40:22Z,FALSE,42.93161,122714,R+43,Mann +43,republican,"","",3,0,1604459955514
20057,Ford,8549,0,34,34,Merged into voters' home precincts and released with cumulative results,100,7913,>98%,>98% reported,edison,4,some,6498,5593,2956,0,0,2020-11-14T16:39:16Z,30.84571,R+31,Mann +31,republican,KS-G-H-1-2020-11-03,ks-house-general-district-001-2020-11-03,https://www.nytimes.com/interactive/2020/11/03/us/elections/results-kansas-house-district-1.html,https://www.nytimes.com/interactive/2020/11/03/us/elections/results-kansas.html,https://www.nytimes.com/interactive/2020/11/03/us/elections/ap-polls-kansas.html,house,general,2020-11-03,FALSE,U.S. House District 1,U.S. House,H,solid-rep,1,District 1,KS,kansas,Kansas,Kan.,horizontal,"",FALSE,TRUE,winner,AP,FALSE,"",285836,73284,20,unknown,First polls close at 8 p.m. Eastern time.,First polls close in,Most polls have closed.,2020-11-04T01:00:00.000Z,8 p.m.,1273,1336,95% reporting,95%,97,294000,edison,97%,97% reported,edison,republican,FALSE,2020-11-14T16:40:22Z,FALSE,42.93161,122714,R+43,Mann +43,republican,"","",3,0,1604459955514
20061,Geary,9079,0,35,35,Merged into voters' home precincts and released with cumulative results,100,8285,>98%,>98% reported,edison,2,unknown,6002,5176,3903,0,0,2020-11-14T16:39:16Z,14.02137,R+14,Mann +14,republican,KS-G-H-1-2020-11-03,ks-house-general-district-001-2020-11-03,https://www.nytimes.com/interactive/2020/11/03/us/elections/results-kansas-house-district-1.html,https://www.nytimes.com/interactive/2020/11/03/us/elections/results-kansas.html,https://www.nytimes.com/interactive/2020/11/03/us/elections/ap-polls-kansas.html,house,general,2020-11-03,FALSE,U.S. House District 1,U.S. House,H,solid-rep,1,District 1,KS,kansas,Kansas,Kan.,horizontal,"",FALSE,TRUE,winner,AP,FALSE,"",285836,73284,20,unknown,First polls close at 8 p.m. Eastern time.,First polls close in,Most polls have closed.,2020-11-04T01:00:00.000Z,8 p.m.,1273,1336,95% reporting,95%,97,294000,edison,97%,97% reported,edison,republican,FALSE,2020-11-14T16:40:22Z,FALSE,42.93161,122714,R+43,Mann +43,republican,"","",3,0,1604459955514
20063,Gove,1431,0,9,9,"As a subtotal in the FIRST cumulative report, along with regular precincts",100,1431,>98%,>98% reported,edison,4,none,261,1276,155,0,0,2020-11-14T16:39:17Z,78.33683,R+78,Mann +78,republican,KS-G-H-1-2020-11-03,ks-house-general-district-001-2020-11-03,https://www.nytimes.com/interactive/2020/11/03/us/elections/results-kansas-house-district-1.html,https://www.nytimes.com/interactive/2020/11/03/us/elections/results-kansas.html,https://www.nytimes.com/interactive/2020/11/03/us/elections/ap-polls-kansas.html,house,general,2020-11-03,FALSE,U.S. House District 1,U.S. House,H,solid-rep,1,District 1,KS,kansas,Kansas,Kan.,horizontal,"",FALSE,TRUE,winner,AP,FALSE,"",285836,73284,20,unknown,First polls close at 8 p.m. Eastern time.,First polls close in,Most polls have closed.,2020-11-04T01:00:00.000Z,8 p.m.,1273,1336,95% reporting,95%,97,294000,edison,97%,97% reported,edison,republican,FALSE,2020-11-14T16:40:22Z,FALSE,42.93161,122714,R+43,Mann +43,republican,"","",3,0,1604459955514
20065,Graham,1270,796,19,21,Merged into voters' home precincts AFTER election night,93,1365,93%,93% reported,edison,4,all,811,1062,208,632,164,2020-11-14T16:39:19Z,67.24409,R+67,Mann +67,republican,KS-G-H-1-2020-11-03,ks-house-general-district-001-2020-11-03,https://www.nytimes.com/interactive/2020/11/03/us/elections/results-kansas-house-district-1.html,https://www.nytimes.com/interactive/2020/11/03/us/elections/results-kansas.html,https://www.nytimes.com/interactive/2020/11/03/us/elections/ap-polls-kansas.html,house,general,2020-11-03,FALSE,U.S. House District 1,U.S. House,H,solid-rep,1,District 1,KS,kansas,Kansas,Kan.,horizontal,"",FALSE,TRUE,winner,AP,FALSE,"",285836,73284,20,unknown,First polls close at 8 p.m. Eastern time.,First polls close in,Most polls have closed.,2020-11-04T01:00:00.000Z,8 p.m.,1273,1336,95% reporting,95%,97,294000,edison,97%,97% reported,edison,republican,FALSE,2020-11-14T16:40:22Z,FALSE,42.93161,122714,R+43,Mann +43,republican,"","",3,0,1604459955514
20067,Grant,2388,2377,4,4,Released as a separate subtotal at the end of tabulation,97,2451,97%,97% reported,edison,2,some,1850,1871,517,1865,512,2020-11-14T16:39:20Z,56.70017,R+57,Mann +57,republican,KS-G-H-1-2020-11-03,ks-house-general-district-001-2020-11-03,https://www.nytimes.com/interactive/2020/11/03/us/elections/results-kansas-house-district-1.html,https://www.nytimes.com/interactive/2020/11/03/us/elections/results-kansas.html,https://www.nytimes.com/interactive/2020/11/03/us/elections/ap-polls-kansas.html,house,general,2020-11-03,FALSE,U.S. House District 1,U.S. House,H,solid-rep,1,District 1,KS,kansas,Kansas,Kan.,horizontal,"",FALSE,TRUE,winner,AP,FALSE,"",285836,73284,20,unknown,First polls close at 8 p.m. Eastern time.,First polls close in,Most polls have closed.,2020-11-04T01:00:00.000Z,8 p.m.,1273,1336,95% reporting,95%,97,294000,edison,97%,97% reported,edison,republican,FALSE,2020-11-14T16:40:22Z,FALSE,42.93161,122714,R+43,Mann +43,republican,"","",3,0,1604459955514
20069,Gray,2186,0,8,8,Other,100,2128,>98%,>98% reported,edison,4,some,1411,1803,383,0,0,2020-11-14T16:39:21Z,64.95883,R+65,Mann +65,republican,KS-G-H-1-2020-11-03,ks-house-general-district-001-2020-11-03,https://www.nytimes.com/interactive/2020/11/03/us/elections/results-kansas-house-district-1.html,https://www.nytimes.com/interactive/2020/11/03/us/elections/results-kansas.html,https://www.nytimes.com/interactive/2020/11/03/us/elections/ap-polls-kansas.html,house,general,2020-11-03,FALSE,U.S. House District 1,U.S. House,H,solid-rep,1,District 1,KS,kansas,Kansas,Kan.,horizontal,"",FALSE,TRUE,winner,AP,FALSE,"",285836,73284,20,unknown,First polls close at 8 p.m. Eastern time.,First polls close in,Most polls have closed.,2020-11-04T01:00:00.000Z,8 p.m.,1273,1336,95% reporting,95%,97,294000,edison,97%,97% reported,edison,republican,FALSE,2020-11-14T16:40:22Z,FALSE,42.93161,122714,R+43,Mann +43,republican,"","",3,0,1604459955514
20071,Greeley,609,0,3,3,Other,91,670,91%,91% reported,edison,2,unknown,587,530,79,0,0,2020-11-14T16:39:21Z,74.05583,R+74,Mann +74,republican,KS-G-H-1-2020-11-03,ks-house-general-district-001-2020-11-03,https://www.nytimes.com/interactive/2020/11/03/us/elections/results-kansas-house-district-1.html,https://www.nytimes.com/interactive/2020/11/03/us/elections/results-kansas.html,https://www.nytimes.com/interactive/2020/11/03/us/elections/ap-polls-kansas.html,house,general,2020-11-03,FALSE,U.S. House District 1,U.S. House,H,solid-rep,1,District 1,KS,kansas,Kansas,Kan.,horizontal,"",FALSE,TRUE,winner,AP,FALSE,"",285836,73284,20,unknown,First polls close at 8 p.m. Eastern time.,First polls close in,Most polls have closed.,2020-11-04T01:00:00.000Z,8 p.m.,1273,1336,95% reporting,95%,97,294000,edison,97%,97% reported,edison,republican,FALSE,2020-11-14T16:40:22Z,FALSE,42.93161,122714,R+43,Mann +43,republican,"","",3,0,1604459955514
20075,Hamilton,812,0,10,12,Merged into voters' home precincts AFTER election night,90,898,90%,90% reported,edison,2,unknown,1072,667,145,0,0,2020-11-14T16:39:22Z,64.28571,R+64,Mann +64,republican,KS-G-H-1-2020-11-03,ks-house-general-district-001-2020-11-03,https://www.nytimes.com/interactive/2020/11/03/us/elections/results-kansas-house-district-1.html,https://www.nytimes.com/interactive/2020/11/03/us/elections/results-kansas.html,https://www.nytimes.com/interactive/2020/11/03/us/elections/ap-polls-kansas.html,house,general,2020-11-03,FALSE,U.S. House District 1,U.S. House,H,solid-rep,1,District 1,KS,kansas,Kansas,Kan.,horizontal,"",FALSE,TRUE,winner,AP,FALSE,"",285836,73284,20,unknown,First polls close at 8 p.m. Eastern time.,First polls close in,Most polls have closed.,2020-11-04T01:00:00.000Z,8 p.m.,1273,1336,95% reporting,95%,97,294000,edison,97%,97% reported,edison,republican,FALSE,2020-11-14T16:40:22Z,FALSE,42.93161,122714,R+43,Mann +43,republican,"","",3,0,1604459955514
20081,Haskell,1355,0,10,11,Released as a separate subtotal as first report of the night,98,1389,98%,98% reported,edison,2,unknown,866,1089,266,0,0,2020-11-14T16:39:23Z,60.73801,R+61,Mann +61,republican,KS-G-H-1-2020-11-03,ks-house-general-district-001-2020-11-03,https://www.nytimes.com/interactive/2020/11/03/us/elections/results-kansas-house-district-1.html,https://www.nytimes.com/interactive/2020/11/03/us/elections/results-kansas.html,https://www.nytimes.com/interactive/2020/11/03/us/elections/ap-polls-kansas.html,house,general,2020-11-03,FALSE,U.S. House District 1,U.S. House,H,solid-rep,1,District 1,KS,kansas,Kansas,Kan.,horizontal,"",FALSE,TRUE,winner,AP,FALSE,"",285836,73284,20,unknown,First polls close at 8 p.m. Eastern time.,First polls close in,Most polls have closed.,2020-11-04T01:00:00.000Z,8 p.m.,1273,1336,95% reporting,95%,97,294000,edison,97%,97% reported,edison,republican,FALSE,2020-11-14T16:40:22Z,FALSE,42.93161,122714,R+43,Mann +43,republican,"","",3,0,1604459955514
20083,Hodgeman,1007,0,14,16,"As a precinct in the FIRST cumulative report, along with regular precincts",96,1048,96%,96% reported,edison,2,unknown,330,829,178,0,0,2020-11-14T16:39:23Z,64.64747,R+65,Mann +65,republican,KS-G-H-1-2020-11-03,ks-house-general-district-001-2020-11-03,https://www.nytimes.com/interactive/2020/11/03/us/elections/results-kansas-house-district-1.html,https://www.nytimes.com/interactive/2020/11/03/us/elections/results-kansas.html,https://www.nytimes.com/interactive/2020/11/03/us/elections/ap-polls-kansas.html,house,general,2020-11-03,FALSE,U.S. House District 1,U.S. House,H,solid-rep,1,District 1,KS,kansas,Kansas,Kan.,horizontal,"",FALSE,TRUE,winner,AP,FALSE,"",285836,73284,20,unknown,First polls close at 8 p.m. Eastern time.,First polls close in,Most polls have closed.,2020-11-04T01:00:00.000Z,8 p.m.,1273,1336,95% reporting,95%,97,294000,edison,97%,97% reported,edison,republican,FALSE,2020-11-14T16:40:22Z,FALSE,42.93161,122714,R+43,Mann +43,republican,"","",3,0,1604459955514
20089,Jewell,1593,0,24,25,Merged into voters' home precincts and released with cumulative results,100,1590,>98%,>98% reported,edison,2,unknown,683,1378,215,0,0,2020-11-14T16:39:24Z,73.00691,R+73,Mann +73,republican,KS-G-H-1-2020-11-03,ks-house-general-district-001-2020-11-03,https://www.nytimes.com/interactive/2020/11/03/us/elections/results-kansas-house-district-1.html,https://www.nytimes.com/interactive/2020/11/03/us/elections/results-kansas.html,https://www.nytimes.com/interactive/2020/11/03/us/elections/ap-polls-kansas.html,house,general,2020-11-03,FALSE,U.S. House District 1,U.S. House,H,solid-rep,1,District 1,KS,kansas,Kansas,Kan.,horizontal,"",FALSE,TRUE,winner,AP,FALSE,"",285836,73284,20,unknown,First polls close at 8 p.m. Eastern time.,First polls close in,Most polls have closed.,2020-11-04T01:00:00.000Z,8 p.m.,1273,1336,95% reporting,95%,97,294000,edison,97%,97% reported,edison,republican,FALSE,2020-11-14T16:40:22Z,FALSE,42.93161,122714,R+43,Mann +43,republican,"","",3,0,1604459955514
20093,Kearny,1370,0,9,9,"As a subtotal in the FIRST cumulative report, along with regular precincts",100,1342,>98%,>98% reported,edison,2,unknown,640,1124,246,0,0,2020-11-14T16:39:24Z,64.08759,R+64,Mann +64,republican,KS-G-H-1-2020-11-03,ks-house-general-district-001-2020-11-03,https://www.nytimes.com/interactive/2020/11/03/us/elections/results-kansas-house-district-1.html,https://www.nytimes.com/interactive/2020/11/03/us/elections/results-kansas.html,https://www.nytimes.com/interactive/2020/11/03/us/elections/ap-polls-kansas.html,house,general,2020-11-03,FALSE,U.S. House District 1,U.S. House,H,solid-rep,1,District 1,KS,kansas,Kansas,Kan.,horizontal,"",FALSE,TRUE,winner,AP,FALSE,"",285836,73284,20,unknown,First polls close at 8 p.m. Eastern time.,First polls close in,Most polls have closed.,2020-11-04T01:00:00.000Z,8 p.m.,1273,1336,95% reporting,95%,97,294000,edison,97%,97% reported,edison,republican,FALSE,2020-11-14T16:40:22Z,FALSE,42.93161,122714,R+43,Mann +43,republican,"","",3,0,1604459955514
20101,Lane,859,0,9,10,Other,96,898,96%,96% reported,edison,2,unknown,570,729,130,0,0,2020-11-14T16:39:25Z,69.73225,R+70,Mann +70,republican,KS-G-H-1-2020-11-03,ks-house-general-district-001-2020-11-03,https://www.nytimes.com/interactive/2020/11/03/us/elections/results-kansas-house-district-1.html,https://www.nytimes.com/interactive/2020/11/03/us/elections/results-kansas.html,https://www.nytimes.com/interactive/2020/11/03/us/elections/ap-polls-kansas.html,house,general,2020-11-03,FALSE,U.S. House District 1,U.S. House,H,solid-rep,1,District 1,KS,kansas,Kansas,Kan.,horizontal,"",FALSE,TRUE,winner,AP,FALSE,"",285836,73284,20,unknown,First polls close at 8 p.m. Eastern time.,First polls close in,Most polls have closed.,2020-11-04T01:00:00.000Z,8 p.m.,1273,1336,95% reporting,95%,97,294000,edison,97%,97% reported,edison,republican,FALSE,2020-11-14T16:40:22Z,FALSE,42.93161,122714,R+43,Mann +43,republican,"","",3,0,1604459955514
20105,Lincoln,1543,0,22,23,Merged into voters' home precincts AFTER election night,99,1560,>98%,>98% reported,edison,2,unknown,637,1265,278,0,0,2020-11-14T16:39:25Z,63.9663,R+64,Mann +64,republican,KS-G-H-1-2020-11-03,ks-house-general-district-001-2020-11-03,https://www.nytimes.com/interactive/2020/11/03/us/elections/results-kansas-house-district-1.html,https://www.nytimes.com/interactive/2020/11/03/us/elections/results-kansas.html,https://www.nytimes.com/interactive/2020/11/03/us/elections/ap-polls-kansas.html,house,general,2020-11-03,FALSE,U.S. House District 1,U.S. House,H,solid-rep,1,District 1,KS,kansas,Kansas,Kan.,horizontal,"",FALSE,TRUE,winner,AP,FALSE,"",285836,73284,20,unknown,First polls close at 8 p.m. Eastern time.,First polls close in,Most polls have closed.,2020-11-04T01:00:00.000Z,8 p.m.,1273,1336,95% reporting,95%,97,294000,edison,97%,97% reported,edison,republican,FALSE,2020-11-14T16:40:22Z,FALSE,42.93161,122714,R+43,Mann +43,republican,"","",3,0,1604459955514
20109,Logan,1415,0,12,13,"As a precinct in the FIRST cumulative report, along with regular precincts",100,1397,>98%,>98% reported,edison,2,unknown,1050,1223,192,0,0,2020-11-14T16:39:26Z,72.86219,R+73,Mann +73,republican,KS-G-H-1-2020-11-03,ks-house-general-district-001-2020-11-03,https://www.nytimes.com/interactive/2020/11/03/us/elections/results-kansas-house-district-1.html,https://www.nytimes.com/interactive/2020/11/03/us/elections/results-kansas.html,https://www.nytimes.com/interactive/2020/11/03/us/elections/ap-polls-kansas.html,house,general,2020-11-03,FALSE,U.S. House District 1,U.S. House,H,solid-rep,1,District 1,KS,kansas,Kansas,Kan.,horizontal,"",FALSE,TRUE,winner,AP,FALSE,"",285836,73284,20,unknown,First polls close at 8 p.m. Eastern time.,First polls close in,Most polls have closed.,2020-11-04T01:00:00.000Z,8 p.m.,1273,1336,95% reporting,95%,97,294000,edison,97%,97% reported,edison,republican,FALSE,2020-11-14T16:40:22Z,FALSE,42.93161,122714,R+43,Mann +43,republican,"","",3,0,1604459955514
20111,Lyon,13396,0,32,32,Merged into voters' home precincts and released with cumulative results,100,13273,>98%,>98% reported,edison,2,unknown,8355,7618,5778,0,0,2020-11-14T16:39:27Z,13.73544,R+14,Mann +14,republican,KS-G-H-1-2020-11-03,ks-house-general-district-001-2020-11-03,https://www.nytimes.com/interactive/2020/11/03/us/elections/results-kansas-house-district-1.html,https://www.nytimes.com/interactive/2020/11/03/us/elections/results-kansas.html,https://www.nytimes.com/interactive/2020/11/03/us/elections/ap-polls-kansas.html,house,general,2020-11-03,FALSE,U.S. House District 1,U.S. House,H,solid-rep,1,District 1,KS,kansas,Kansas,Kan.,horizontal,"",FALSE,TRUE,winner,AP,FALSE,"",285836,73284,20,unknown,First polls close at 8 p.m. Eastern time.,First polls close in,Most polls have closed.,2020-11-04T01:00:00.000Z,8 p.m.,1273,1336,95% reporting,95%,97,294000,edison,97%,97% reported,edison,republican,FALSE,2020-11-14T16:40:22Z,FALSE,42.93161,122714,R+43,Mann +43,republican,"","",3,0,1604459955514
20115,Marion,5896,2982,30,31,Released as a separate subtotal as first report of the night,100,5816,>98%,>98% reported,edison,6,all,1390,4400,1496,1977,1005,2020-11-14T16:39:30Z,49.25373,R+49,Mann +49,republican,KS-G-H-1-2020-11-03,ks-house-general-district-001-2020-11-03,https://www.nytimes.com/interactive/2020/11/03/us/elections/results-kansas-house-district-1.html,https://www.nytimes.com/interactive/2020/11/03/us/elections/results-kansas.html,https://www.nytimes.com/interactive/2020/11/03/us/elections/ap-polls-kansas.html,house,general,2020-11-03,FALSE,U.S. House District 1,U.S. House,H,solid-rep,1,District 1,KS,kansas,Kansas,Kan.,horizontal,"",FALSE,TRUE,winner,AP,FALSE,"",285836,73284,20,unknown,First polls close at 8 p.m. Eastern time.,First polls close in,Most polls have closed.,2020-11-04T01:00:00.000Z,8 p.m.,1273,1336,95% reporting,95%,97,294000,edison,97%,97% reported,edison,republican,FALSE,2020-11-14T16:40:22Z,FALSE,42.93161,122714,R+43,Mann +43,republican,"","",3,0,1604459955514
20117,Marshall,2256,0,14,15,Released separately AFTER election night,100,2256,>98%,>98% reported,edison,6,all,3797,1627,629,0,0,2020-11-14T16:39:30Z,44.23759,R+44,Mann +44,republican,KS-G-H-1-2020-11-03,ks-house-general-district-001-2020-11-03,https://www.nytimes.com/interactive/2020/11/03/us/elections/results-kansas-house-district-1.html,https://www.nytimes.com/interactive/2020/11/03/us/elections/results-kansas.html,https://www.nytimes.com/interactive/2020/11/03/us/elections/ap-polls-kansas.html,house,general,2020-11-03,FALSE,U.S. House District 1,U.S. House,H,solid-rep,1,District 1,KS,kansas,Kansas,Kan.,horizontal,"",FALSE,TRUE,winner,AP,FALSE,"",285836,73284,20,unknown,First polls close at 8 p.m. Eastern time.,First polls close in,Most polls have closed.,2020-11-04T01:00:00.000Z,8 p.m.,1273,1336,95% reporting,95%,97,294000,edison,97%,97% reported,edison,republican,FALSE,2020-11-14T16:40:22Z,FALSE,42.93161,122714,R+43,Mann +43,republican,"","",3,0,1604459955514
20113,McPherson,12974,0,31,33,Merged into voters' home precincts and released with cumulative results,94,13754,94%,94% reported,edison,4,all,6059,9467,3507,0,0,2020-11-14T16:39:28Z,45.93803,R+46,Mann +46,republican,KS-G-H-1-2020-11-03,ks-house-general-district-001-2020-11-03,https://www.nytimes.com/interactive/2020/11/03/us/elections/results-kansas-house-district-1.html,https://www.nytimes.com/interactive/2020/11/03/us/elections/results-kansas.html,https://www.nytimes.com/interactive/2020/11/03/us/elections/ap-polls-kansas.html,house,general,2020-11-03,FALSE,U.S. House District 1,U.S. House,H,solid-rep,1,District 1,KS,kansas,Kansas,Kan.,horizontal,"",FALSE,TRUE,winner,AP,FALSE,"",285836,73284,20,unknown,First polls close at 8 p.m. Eastern time.,First polls close in,Most polls have closed.,2020-11-04T01:00:00.000Z,8 p.m.,1273,1336,95% reporting,95%,97,294000,edison,97%,97% reported,edison,republican,FALSE,2020-11-14T16:40:22Z,FALSE,42.93161,122714,R+43,Mann +43,republican,"","",3,0,1604459955514
20119,Meade,1755,0,8,9,Other,100,1757,>98%,>98% reported,edison,2,unknown,1078,1366,389,0,0,2020-11-14T16:39:31Z,55.66952,R+56,Mann +56,republican,KS-G-H-1-2020-11-03,ks-house-general-district-001-2020-11-03,https://www.nytimes.com/interactive/2020/11/03/us/elections/results-kansas-house-district-1.html,https://www.nytimes.com/interactive/2020/11/03/us/elections/results-kansas.html,https://www.nytimes.com/interactive/2020/11/03/us/elections/ap-polls-kansas.html,house,general,2020-11-03,FALSE,U.S. House District 1,U.S. House,H,solid-rep,1,District 1,KS,kansas,Kansas,Kan.,horizontal,"",FALSE,TRUE,winner,AP,FALSE,"",285836,73284,20,unknown,First polls close at 8 p.m. Eastern time.,First polls close in,Most polls have closed.,2020-11-04T01:00:00.000Z,8 p.m.,1273,1336,95% reporting,95%,97,294000,edison,97%,97% reported,edison,republican,FALSE,2020-11-14T16:40:22Z,FALSE,42.93161,122714,R+43,Mann +43,republican,"","",3,0,1604459955514
20123,Mitchell,3011,0,22,24,Released as a separate subtotal as first report of the night,96,3121,96%,96% reported,edison,2,unknown,1483,2450,561,0,0,2020-11-14T16:39:31Z,62.73663,R+63,Mann +63,republican,KS-G-H-1-2020-11-03,ks-house-general-district-001-2020-11-03,https://www.nytimes.com/interactive/2020/11/03/us/elections/results-kansas-house-district-1.html,https://www.nytimes.com/interactive/2020/11/03/us/elections/results-kansas.html,https://www.nytimes.com/interactive/2020/11/03/us/elections/ap-polls-kansas.html,house,general,2020-11-03,FALSE,U.S. House District 1,U.S. House,H,solid-rep,1,District 1,KS,kansas,Kansas,Kan.,horizontal,"",FALSE,TRUE,winner,AP,FALSE,"",285836,73284,20,unknown,First polls close at 8 p.m. Eastern time.,First polls close in,Most polls have closed.,2020-11-04T01:00:00.000Z,8 p.m.,1273,1336,95% reporting,95%,97,294000,edison,97%,97% reported,edison,republican,FALSE,2020-11-14T16:40:22Z,FALSE,42.93161,122714,R+43,Mann +43,republican,"","",3,0,1604459955514
20127,Morris,2786,1527,14,15,Merged into voters' home precincts and released with cumulative results,98,2851,98%,98% reported,edison,4,all,1968,2049,737,1024,503,2020-11-14T16:39:32Z,47.09261,R+47,Mann +47,republican,KS-G-H-1-2020-11-03,ks-house-general-district-001-2020-11-03,https://www.nytimes.com/interactive/2020/11/03/us/elections/results-kansas-house-district-1.html,https://www.nytimes.com/interactive/2020/11/03/us/elections/results-kansas.html,https://www.nytimes.com/interactive/2020/11/03/us/elections/ap-polls-kansas.html,house,general,2020-11-03,FALSE,U.S. House District 1,U.S. House,H,solid-rep,1,District 1,KS,kansas,Kansas,Kan.,horizontal,"",FALSE,TRUE,winner,AP,FALSE,"",285836,73284,20,unknown,First polls close at 8 p.m. Eastern time.,First polls close in,Most polls have closed.,2020-11-04T01:00:00.000Z,8 p.m.,1273,1336,95% reporting,95%,97,294000,edison,97%,97% reported,edison,republican,FALSE,2020-11-14T16:40:22Z,FALSE,42.93161,122714,R+43,Mann +43,republican,"","",3,0,1604459955514
20129,Morton,1132,0,9,11,Merged into voters' home precincts and released with cumulative results,92,1225,92%,92% reported,edison,2,unknown,685,973,159,0,0,2020-11-14T16:39:32Z,71.90813,R+72,Mann +72,republican,KS-G-H-1-2020-11-03,ks-house-general-district-001-2020-11-03,https://www.nytimes.com/interactive/2020/11/03/us/elections/results-kansas-house-district-1.html,https://www.nytimes.com/interactive/2020/11/03/us/elections/results-kansas.html,https://www.nytimes.com/interactive/2020/11/03/us/elections/ap-polls-kansas.html,house,general,2020-11-03,FALSE,U.S. House District 1,U.S. House,H,solid-rep,1,District 1,KS,kansas,Kansas,Kan.,horizontal,"",FALSE,TRUE,winner,AP,FALSE,"",285836,73284,20,unknown,First polls close at 8 p.m. Eastern time.,First polls close in,Most polls have closed.,2020-11-04T01:00:00.000Z,8 p.m.,1273,1336,95% reporting,95%,97,294000,edison,97%,97% reported,edison,republican,FALSE,2020-11-14T16:40:22Z,FALSE,42.93161,122714,R+43,Mann +43,republican,"","",3,0,1604459955514
20135,Ness,1470,977,10,11,Released as a precinct at the end of tabulation,100,1468,>98%,>98% reported,edison,6,all,826,1296,174,846,131,2020-11-14T16:39:33Z,76.32653,R+76,Mann +76,republican,KS-G-H-1-2020-11-03,ks-house-general-district-001-2020-11-03,https://www.nytimes.com/interactive/2020/11/03/us/elections/results-kansas-house-district-1.html,https://www.nytimes.com/interactive/2020/11/03/us/elections/results-kansas.html,https://www.nytimes.com/interactive/2020/11/03/us/elections/ap-polls-kansas.html,house,general,2020-11-03,FALSE,U.S. House District 1,U.S. House,H,solid-rep,1,District 1,KS,kansas,Kansas,Kan.,horizontal,"",FALSE,TRUE,winner,AP,FALSE,"",285836,73284,20,unknown,First polls close at 8 p.m. Eastern time.,First polls close in,Most polls have closed.,2020-11-04T01:00:00.000Z,8 p.m.,1273,1336,95% reporting,95%,97,294000,edison,97%,97% reported,edison,republican,FALSE,2020-11-14T16:40:22Z,FALSE,42.93161,122714,R+43,Mann +43,republican,"","",3,0,1604459955514
20137,Norton,2339,0,12,13,Released separately AFTER election night,100,2335,>98%,>98% reported,edison,6,all,741,1968,371,0,0,2020-11-14T16:39:34Z,68.27704,R+68,Mann +68,republican,KS-G-H-1-2020-11-03,ks-house-general-district-001-2020-11-03,https://www.nytimes.com/interactive/2020/11/03/us/elections/results-kansas-house-district-1.html,https://www.nytimes.com/interactive/2020/11/03/us/elections/results-kansas.html,https://www.nytimes.com/interactive/2020/11/03/us/elections/ap-polls-kansas.html,house,general,2020-11-03,FALSE,U.S. House District 1,U.S. House,H,solid-rep,1,District 1,KS,kansas,Kansas,Kan.,horizontal,"",FALSE,TRUE,winner,AP,FALSE,"",285836,73284,20,unknown,First polls close at 8 p.m. Eastern time.,First polls close in,Most polls have closed.,2020-11-04T01:00:00.000Z,8 p.m.,1273,1336,95% reporting,95%,97,294000,edison,97%,97% reported,edison,republican,FALSE,2020-11-14T16:40:22Z,FALSE,42.93161,122714,R+43,Mann +43,republican,"","",3,0,1604459955514
20141,Osborne,1865,0,28,30,Released as a separate subtotal at the end of tabulation,98,1897,98%,98% reported,edison,2,some,986,1561,304,0,0,2020-11-14T16:39:35Z,67.39946,R+67,Mann +67,republican,KS-G-H-1-2020-11-03,ks-house-general-district-001-2020-11-03,https://www.nytimes.com/interactive/2020/11/03/us/elections/results-kansas-house-district-1.html,https://www.nytimes.com/interactive/2020/11/03/us/elections/results-kansas.html,https://www.nytimes.com/interactive/2020/11/03/us/elections/ap-polls-kansas.html,house,general,2020-11-03,FALSE,U.S. House District 1,U.S. House,H,solid-rep,1,District 1,KS,kansas,Kansas,Kan.,horizontal,"",FALSE,TRUE,winner,AP,FALSE,"",285836,73284,20,unknown,First polls close at 8 p.m. Eastern time.,First polls close in,Most polls have closed.,2020-11-04T01:00:00.000Z,8 p.m.,1273,1336,95% reporting,95%,97,294000,edison,97%,97% reported,edison,republican,FALSE,2020-11-14T16:40:22Z,FALSE,42.93161,122714,R+43,Mann +43,republican,"","",3,0,1604459955514
20143,Ottawa,3119,1312,23,24,Merged into voters' home precincts and released with cumulative results,100,3083,>98%,>98% reported,edison,4,some,1330,2583,536,995,317,2020-11-14T16:39:36Z,65.63001,R+66,Mann +66,republican,KS-G-H-1-2020-11-03,ks-house-general-district-001-2020-11-03,https://www.nytimes.com/interactive/2020/11/03/us/elections/results-kansas-house-district-1.html,https://www.nytimes.com/interactive/2020/11/03/us/elections/results-kansas.html,https://www.nytimes.com/interactive/2020/11/03/us/elections/ap-polls-kansas.html,house,general,2020-11-03,FALSE,U.S. House District 1,U.S. House,H,solid-rep,1,District 1,KS,kansas,Kansas,Kan.,horizontal,"",FALSE,TRUE,winner,AP,FALSE,"",285836,73284,20,unknown,First polls close at 8 p.m. Eastern time.,First polls close in,Most polls have closed.,2020-11-04T01:00:00.000Z,8 p.m.,1273,1336,95% reporting,95%,97,294000,edison,97%,97% reported,edison,republican,FALSE,2020-11-14T16:40:22Z,FALSE,42.93161,122714,R+43,Mann +43,republican,"","",3,0,1604459955514
20145,Pawnee,2505,0,24,27,Other,97,2575,97%,97% reported,edison,2,unknown,2083,1871,634,0,0,2020-11-14T16:39:37Z,49.38124,R+49,Mann +49,republican,KS-G-H-1-2020-11-03,ks-house-general-district-001-2020-11-03,https://www.nytimes.com/interactive/2020/11/03/us/elections/results-kansas-house-district-1.html,https://www.nytimes.com/interactive/2020/11/03/us/elections/results-kansas.html,https://www.nytimes.com/interactive/2020/11/03/us/elections/ap-polls-kansas.html,house,general,2020-11-03,FALSE,U.S. House District 1,U.S. House,H,solid-rep,1,District 1,KS,kansas,Kansas,Kan.,horizontal,"",FALSE,TRUE,winner,AP,FALSE,"",285836,73284,20,unknown,First polls close at 8 p.m. Eastern time.,First polls close in,Most polls have closed.,2020-11-04T01:00:00.000Z,8 p.m.,1273,1336,95% reporting,95%,97,294000,edison,97%,97% reported,edison,republican,FALSE,2020-11-14T16:40:22Z,FALSE,42.93161,122714,R+43,Mann +43,republican,"","",3,0,1604459955514
20147,Phillips,3220,0,28,28,Merged into voters' home precincts and released with cumulative results,100,3220,>98%,>98% reported,edison,6,some,808,2825,395,0,0,2020-11-14T16:39:37Z,75.46584,R+75,Mann +75,republican,KS-G-H-1-2020-11-03,ks-house-general-district-001-2020-11-03,https://www.nytimes.com/interactive/2020/11/03/us/elections/results-kansas-house-district-1.html,https://www.nytimes.com/interactive/2020/11/03/us/elections/results-kansas.html,https://www.nytimes.com/interactive/2020/11/03/us/elections/ap-polls-kansas.html,house,general,2020-11-03,FALSE,U.S. House District 1,U.S. House,H,solid-rep,1,District 1,KS,kansas,Kansas,Kan.,horizontal,"",FALSE,TRUE,winner,AP,FALSE,"",285836,73284,20,unknown,First polls close at 8 p.m. Eastern time.,First polls close in,Most polls have closed.,2020-11-04T01:00:00.000Z,8 p.m.,1273,1336,95% reporting,95%,97,294000,edison,97%,97% reported,edison,republican,FALSE,2020-11-14T16:40:22Z,FALSE,42.93161,122714,R+43,Mann +43,republican,"","",3,0,1604459955514
20149,Pottawatomie,12621,5701,30,30,"As a precinct in the FIRST cumulative report, along with regular precincts",100,11736,>98%,>98% reported,edison,2,all,2704,9625,2996,3635,2066,2020-11-14T16:39:50Z,52.52357,R+53,Mann +53,republican,KS-G-H-1-2020-11-03,ks-house-general-district-001-2020-11-03,https://www.nytimes.com/interactive/2020/11/03/us/elections/results-kansas-house-district-1.html,https://www.nytimes.com/interactive/2020/11/03/us/elections/results-kansas.html,https://www.nytimes.com/interactive/2020/11/03/us/elections/ap-polls-kansas.html,house,general,2020-11-03,FALSE,U.S. House District 1,U.S. House,H,solid-rep,1,District 1,KS,kansas,Kansas,Kan.,horizontal,"",FALSE,TRUE,winner,AP,FALSE,"",285836,73284,20,unknown,First polls close at 8 p.m. Eastern time.,First polls close in,Most polls have closed.,2020-11-04T01:00:00.000Z,8 p.m.,1273,1336,95% reporting,95%,97,294000,edison,97%,97% reported,edison,republican,FALSE,2020-11-14T16:40:22Z,FALSE,42.93161,122714,R+43,Mann +43,republican,"","",3,0,1604459955514
20153,Rawlins,1455,0,16,18,Other,93,1560,93%,93% reported,edison,2,unknown,1674,1234,221,0,0,2020-11-14T16:39:38Z,69.62199,R+70,Mann +70,republican,KS-G-H-1-2020-11-03,ks-house-general-district-001-2020-11-03,https://www.nytimes.com/interactive/2020/11/03/us/elections/results-kansas-house-district-1.html,https://www.nytimes.com/interactive/2020/11/03/us/elections/results-kansas.html,https://www.nytimes.com/interactive/2020/11/03/us/elections/ap-polls-kansas.html,house,general,2020-11-03,FALSE,U.S. House District 1,U.S. House,H,solid-rep,1,District 1,KS,kansas,Kansas,Kan.,horizontal,"",FALSE,TRUE,winner,AP,FALSE,"",285836,73284,20,unknown,First polls close at 8 p.m. Eastern time.,First polls close in,Most polls have closed.,2020-11-04T01:00:00.000Z,8 p.m.,1273,1336,95% reporting,95%,97,294000,edison,97%,97% reported,edison,republican,FALSE,2020-11-14T16:40:22Z,FALSE,42.93161,122714,R+43,Mann +43,republican,"","",3,0,1604459955514
20155,Reno,26801,14945,80,80,Merged into voters' home precincts and released with cumulative results,100,26704,>98%,>98% reported,edison,6,all,17454,18132,8669,8572,6373,2020-11-14T16:39:39Z,35.30838,R+35,Mann +35,republican,KS-G-H-1-2020-11-03,ks-house-general-district-001-2020-11-03,https://www.nytimes.com/interactive/2020/11/03/us/elections/results-kansas-house-district-1.html,https://www.nytimes.com/interactive/2020/11/03/us/elections/results-kansas.html,https://www.nytimes.com/interactive/2020/11/03/us/elections/ap-polls-kansas.html,house,general,2020-11-03,FALSE,U.S. House District 1,U.S. House,H,solid-rep,1,District 1,KS,kansas,Kansas,Kan.,horizontal,"",FALSE,TRUE,winner,AP,FALSE,"",285836,73284,20,unknown,First polls close at 8 p.m. Eastern time.,First polls close in,Most polls have closed.,2020-11-04T01:00:00.000Z,8 p.m.,1273,1336,95% reporting,95%,97,294000,edison,97%,97% reported,edison,republican,FALSE,2020-11-14T16:40:22Z,FALSE,42.93161,122714,R+43,Mann +43,republican,"","",3,0,1604459955514
20157,Republic,2601,0,21,23,Merged into voters' home precincts and released with cumulative results,97,2691,97%,97% reported,edison,2,unknown,1514,2202,399,0,0,2020-11-14T16:39:39Z,69.31949,R+69,Mann +69,republican,KS-G-H-1-2020-11-03,ks-house-general-district-001-2020-11-03,https://www.nytimes.com/interactive/2020/11/03/us/elections/results-kansas-house-district-1.html,https://www.nytimes.com/interactive/2020/11/03/us/elections/results-kansas.html,https://www.nytimes.com/interactive/2020/11/03/us/elections/ap-polls-kansas.html,house,general,2020-11-03,FALSE,U.S. House District 1,U.S. House,H,solid-rep,1,District 1,KS,kansas,Kansas,Kan.,horizontal,"",FALSE,TRUE,winner,AP,FALSE,"",285836,73284,20,unknown,First polls close at 8 p.m. Eastern time.,First polls close in,Most polls have closed.,2020-11-04T01:00:00.000Z,8 p.m.,1273,1336,95% reporting,95%,97,294000,edison,97%,97% reported,edison,republican,FALSE,2020-11-14T16:40:22Z,FALSE,42.93161,122714,R+43,Mann +43,republican,"","",3,0,1604459955514
20159,Rice,4176,2290,27,27,Released as a separate subtotal as first report of the night,100,4111,>98%,>98% reported,edison,6,all,2565,3187,989,1580,710,2020-11-14T16:39:40Z,52.6341,R+53,Mann +53,republican,KS-G-H-1-2020-11-03,ks-house-general-district-001-2020-11-03,https://www.nytimes.com/interactive/2020/11/03/us/elections/results-kansas-house-district-1.html,https://www.nytimes.com/interactive/2020/11/03/us/elections/results-kansas.html,https://www.nytimes.com/interactive/2020/11/03/us/elections/ap-polls-kansas.html,house,general,2020-11-03,FALSE,U.S. House District 1,U.S. House,H,solid-rep,1,District 1,KS,kansas,Kansas,Kan.,horizontal,"",FALSE,TRUE,winner,AP,FALSE,"",285836,73284,20,unknown,First polls close at 8 p.m. Eastern time.,First polls close in,Most polls have closed.,2020-11-04T01:00:00.000Z,8 p.m.,1273,1336,95% reporting,95%,97,294000,edison,97%,97% reported,edison,republican,FALSE,2020-11-14T16:40:22Z,FALSE,42.93161,122714,R+43,Mann +43,republican,"","",3,0,1604459955514
20161,Riley,23694,14915,57,57,"As a subtotal in the FIRST cumulative report, along with regular precincts",100,23660,>98%,>98% reported,edison,4,some,19430,11609,12085,5801,9114,2020-11-14T16:39:51Z,2.00895,D+2,Barnett +2,democrat,KS-G-H-1-2020-11-03,ks-house-general-district-001-2020-11-03,https://www.nytimes.com/interactive/2020/11/03/us/elections/results-kansas-house-district-1.html,https://www.nytimes.com/interactive/2020/11/03/us/elections/results-kansas.html,https://www.nytimes.com/interactive/2020/11/03/us/elections/ap-polls-kansas.html,house,general,2020-11-03,FALSE,U.S. House District 1,U.S. House,H,solid-rep,1,District 1,KS,kansas,Kansas,Kan.,horizontal,"",FALSE,TRUE,winner,AP,FALSE,"",285836,73284,20,unknown,First polls close at 8 p.m. Eastern time.,First polls close in,Most polls have closed.,2020-11-04T01:00:00.000Z,8 p.m.,1273,1336,95% reporting,95%,97,294000,edison,97%,97% reported,edison,republican,FALSE,2020-11-14T16:40:22Z,FALSE,42.93161,122714,R+43,Mann +43,republican,"","",3,0,1604459955514
20163,Rooks,2638,603,15,15,Other,100,2618,>98%,>98% reported,edison,6,unknown,730,2188,450,426,177,2020-11-14T16:39:40Z,65.88324,R+66,Mann +66,republican,KS-G-H-1-2020-11-03,ks-house-general-district-001-2020-11-03,https://www.nytimes.com/interactive/2020/11/03/us/elections/results-kansas-house-district-1.html,https://www.nytimes.com/interactive/2020/11/03/us/elections/results-kansas.html,https://www.nytimes.com/interactive/2020/11/03/us/elections/ap-polls-kansas.html,house,general,2020-11-03,FALSE,U.S. House District 1,U.S. House,H,solid-rep,1,District 1,KS,kansas,Kansas,Kan.,horizontal,"",FALSE,TRUE,winner,AP,FALSE,"",285836,73284,20,unknown,First polls close at 8 p.m. Eastern time.,First polls close in,Most polls have closed.,2020-11-04T01:00:00.000Z,8 p.m.,1273,1336,95% reporting,95%,97,294000,edison,97%,97% reported,edison,republican,FALSE,2020-11-14T16:40:22Z,FALSE,42.93161,122714,R+43,Mann +43,republican,"","",3,0,1604459955514
20165,Rush,1622,0,13,13,Merged into voters' home precincts and released with cumulative results,100,1548,>98%,>98% reported,edison,2,unknown,960,1295,327,0,0,2020-11-14T16:39:41Z,59.67941,R+60,Mann +60,republican,KS-G-H-1-2020-11-03,ks-house-general-district-001-2020-11-03,https://www.nytimes.com/interactive/2020/11/03/us/elections/results-kansas-house-district-1.html,https://www.nytimes.com/interactive/2020/11/03/us/elections/results-kansas.html,https://www.nytimes.com/interactive/2020/11/03/us/elections/ap-polls-kansas.html,house,general,2020-11-03,FALSE,U.S. House District 1,U.S. House,H,solid-rep,1,District 1,KS,kansas,Kansas,Kan.,horizontal,"",FALSE,TRUE,winner,AP,FALSE,"",285836,73284,20,unknown,First polls close at 8 p.m. Eastern time.,First polls close in,Most polls have closed.,2020-11-04T01:00:00.000Z,8 p.m.,1273,1336,95% reporting,95%,97,294000,edison,97%,97% reported,edison,republican,FALSE,2020-11-14T16:40:22Z,FALSE,42.93161,122714,R+43,Mann +43,republican,"","",3,0,1604459955514
20167,Russell,3310,0,15,16,Merged into voters' home precincts and released with cumulative results,100,3286,>98%,>98% reported,edison,6,all,1266,2688,622,0,0,2020-11-14T16:39:41Z,62.41692,R+62,Mann +62,republican,KS-G-H-1-2020-11-03,ks-house-general-district-001-2020-11-03,https://www.nytimes.com/interactive/2020/11/03/us/elections/results-kansas-house-district-1.html,https://www.nytimes.com/interactive/2020/11/03/us/elections/results-kansas.html,https://www.nytimes.com/interactive/2020/11/03/us/elections/ap-polls-kansas.html,house,general,2020-11-03,FALSE,U.S. House District 1,U.S. House,H,solid-rep,1,District 1,KS,kansas,Kansas,Kan.,horizontal,"",FALSE,TRUE,winner,AP,FALSE,"",285836,73284,20,unknown,First polls close at 8 p.m. Eastern time.,First polls close in,Most polls have closed.,2020-11-04T01:00:00.000Z,8 p.m.,1273,1336,95% reporting,95%,97,294000,edison,97%,97% reported,edison,republican,FALSE,2020-11-14T16:40:22Z,FALSE,42.93161,122714,R+43,Mann +43,republican,"","",3,0,1604459955514
20169,Saline,23619,7067,55,57,Merged into voters' home precincts and released with cumulative results,100,23366,>98%,>98% reported,edison,6,all,12874,16178,7441,3257,3810,2020-11-14T16:39:42Z,36.99141,R+37,Mann +37,republican,KS-G-H-1-2020-11-03,ks-house-general-district-001-2020-11-03,https://www.nytimes.com/interactive/2020/11/03/us/elections/results-kansas-house-district-1.html,https://www.nytimes.com/interactive/2020/11/03/us/elections/results-kansas.html,https://www.nytimes.com/interactive/2020/11/03/us/elections/ap-polls-kansas.html,house,general,2020-11-03,FALSE,U.S. House District 1,U.S. House,H,solid-rep,1,District 1,KS,kansas,Kansas,Kan.,horizontal,"",FALSE,TRUE,winner,AP,FALSE,"",285836,73284,20,unknown,First polls close at 8 p.m. Eastern time.,First polls close in,Most polls have closed.,2020-11-04T01:00:00.000Z,8 p.m.,1273,1336,95% reporting,95%,97,294000,edison,97%,97% reported,edison,republican,FALSE,2020-11-14T16:40:22Z,FALSE,42.93161,122714,R+43,Mann +43,republican,"","",3,0,1604459955514
20171,Scott,2298,786,10,11,Merged into voters' home precincts and released with cumulative results,100,2284,>98%,>98% reported,edison,6,all,939,2005,293,633,153,2020-11-14T16:39:43Z,74.49956,R+74,Mann +74,republican,KS-G-H-1-2020-11-03,ks-house-general-district-001-2020-11-03,https://www.nytimes.com/interactive/2020/11/03/us/elections/results-kansas-house-district-1.html,https://www.nytimes.com/interactive/2020/11/03/us/elections/results-kansas.html,https://www.nytimes.com/interactive/2020/11/03/us/elections/ap-polls-kansas.html,house,general,2020-11-03,FALSE,U.S. House District 1,U.S. House,H,solid-rep,1,District 1,KS,kansas,Kansas,Kan.,horizontal,"",FALSE,TRUE,winner,AP,FALSE,"",285836,73284,20,unknown,First polls close at 8 p.m. Eastern time.,First polls close in,Most polls have closed.,2020-11-04T01:00:00.000Z,8 p.m.,1273,1336,95% reporting,95%,97,294000,edison,97%,97% reported,edison,republican,FALSE,2020-11-14T16:40:22Z,FALSE,42.93161,122714,R+43,Mann +43,republican,"","",3,0,1604459955514
20175,Seward,4944,0,19,22,Merged into voters' home precincts and released with cumulative results,95,5183,95%,95% reported,edison,2,unknown,5590,3224,1720,0,0,2020-11-14T16:39:44Z,30.42071,R+30,Mann +30,republican,KS-G-H-1-2020-11-03,ks-house-general-district-001-2020-11-03,https://www.nytimes.com/interactive/2020/11/03/us/elections/results-kansas-house-district-1.html,https://www.nytimes.com/interactive/2020/11/03/us/elections/results-kansas.html,https://www.nytimes.com/interactive/2020/11/03/us/elections/ap-polls-kansas.html,house,general,2020-11-03,FALSE,U.S. House District 1,U.S. House,H,solid-rep,1,District 1,KS,kansas,Kansas,Kan.,horizontal,"",FALSE,TRUE,winner,AP,FALSE,"",285836,73284,20,unknown,First polls close at 8 p.m. Eastern time.,First polls close in,Most polls have closed.,2020-11-04T01:00:00.000Z,8 p.m.,1273,1336,95% reporting,95%,97,294000,edison,97%,97% reported,edison,republican,FALSE,2020-11-14T16:40:22Z,FALSE,42.93161,122714,R+43,Mann +43,republican,"","",3,0,1604459955514
20179,Sheridan,1379,0,14,15,Other,94,1464,94%,94% reported,edison,2,unknown,693,1213,166,0,0,2020-11-14T16:39:45Z,75.92458,R+76,Mann +76,republican,KS-G-H-1-2020-11-03,ks-house-general-district-001-2020-11-03,https://www.nytimes.com/interactive/2020/11/03/us/elections/results-kansas-house-district-1.html,https://www.nytimes.com/interactive/2020/11/03/us/elections/results-kansas.html,https://www.nytimes.com/interactive/2020/11/03/us/elections/ap-polls-kansas.html,house,general,2020-11-03,FALSE,U.S. House District 1,U.S. House,H,solid-rep,1,District 1,KS,kansas,Kansas,Kan.,horizontal,"",FALSE,TRUE,winner,AP,FALSE,"",285836,73284,20,unknown,First polls close at 8 p.m. Eastern time.,First polls close in,Most polls have closed.,2020-11-04T01:00:00.000Z,8 p.m.,1273,1336,95% reporting,95%,97,294000,edison,97%,97% reported,edison,republican,FALSE,2020-11-14T16:40:22Z,FALSE,42.93161,122714,R+43,Mann +43,republican,"","",3,0,1604459955514
20181,Sherman,2624,364,17,19,Other,95,2764,95%,95% reported,edison,4,all,2682,2167,457,230,134,2020-11-14T16:39:46Z,65.16768,R+65,Mann +65,republican,KS-G-H-1-2020-11-03,ks-house-general-district-001-2020-11-03,https://www.nytimes.com/interactive/2020/11/03/us/elections/results-kansas-house-district-1.html,https://www.nytimes.com/interactive/2020/11/03/us/elections/results-kansas.html,https://www.nytimes.com/interactive/2020/11/03/us/elections/ap-polls-kansas.html,house,general,2020-11-03,FALSE,U.S. House District 1,U.S. House,H,solid-rep,1,District 1,KS,kansas,Kansas,Kan.,horizontal,"",FALSE,TRUE,winner,AP,FALSE,"",285836,73284,20,unknown,First polls close at 8 p.m. Eastern time.,First polls close in,Most polls have closed.,2020-11-04T01:00:00.000Z,8 p.m.,1273,1336,95% reporting,95%,97,294000,edison,97%,97% reported,edison,republican,FALSE,2020-11-14T16:40:22Z,FALSE,42.93161,122714,R+43,Mann +43,republican,"","",3,0,1604459955514
20183,Smith,2063,0,25,28,Other,95,2176,95%,95% reported,edison,2,unknown,810,1740,323,0,0,2020-11-14T16:39:46Z,68.68638,R+69,Mann +69,republican,KS-G-H-1-2020-11-03,ks-house-general-district-001-2020-11-03,https://www.nytimes.com/interactive/2020/11/03/us/elections/results-kansas-house-district-1.html,https://www.nytimes.com/interactive/2020/11/03/us/elections/results-kansas.html,https://www.nytimes.com/interactive/2020/11/03/us/elections/ap-polls-kansas.html,house,general,2020-11-03,FALSE,U.S. House District 1,U.S. House,H,solid-rep,1,District 1,KS,kansas,Kansas,Kan.,horizontal,"",FALSE,TRUE,winner,AP,FALSE,"",285836,73284,20,unknown,First polls close at 8 p.m. Eastern time.,First polls close in,Most polls have closed.,2020-11-04T01:00:00.000Z,8 p.m.,1273,1336,95% reporting,95%,97,294000,edison,97%,97% reported,edison,republican,FALSE,2020-11-14T16:40:22Z,FALSE,42.93161,122714,R+43,Mann +43,republican,"","",3,0,1604459955514
20187,Stanton,734,0,3,3,Merged into voters' home precincts and released with cumulative results,100,652,>98%,>98% reported,edison,2,unknown,288,609,125,0,0,2020-11-14T16:39:47Z,65.94005,R+66,Mann +66,republican,KS-G-H-1-2020-11-03,ks-house-general-district-001-2020-11-03,https://www.nytimes.com/interactive/2020/11/03/us/elections/results-kansas-house-district-1.html,https://www.nytimes.com/interactive/2020/11/03/us/elections/results-kansas.html,https://www.nytimes.com/interactive/2020/11/03/us/elections/ap-polls-kansas.html,house,general,2020-11-03,FALSE,U.S. House District 1,U.S. House,H,solid-rep,1,District 1,KS,kansas,Kansas,Kan.,horizontal,"",FALSE,TRUE,winner,AP,FALSE,"",285836,73284,20,unknown,First polls close at 8 p.m. Eastern time.,First polls close in,Most polls have closed.,2020-11-04T01:00:00.000Z,8 p.m.,1273,1336,95% reporting,95%,97,294000,edison,97%,97% reported,edison,republican,FALSE,2020-11-14T16:40:22Z,FALSE,42.93161,122714,R+43,Mann +43,republican,"","",3,0,1604459955514
20189,Stevens,1924,0,12,13,Other,99,1948,>98%,>98% reported,edison,2,unknown,770,1665,259,0,0,2020-11-14T16:39:47Z,73.07692,R+73,Mann +73,republican,KS-G-H-1-2020-11-03,ks-house-general-district-001-2020-11-03,https://www.nytimes.com/interactive/2020/11/03/us/elections/results-kansas-house-district-1.html,https://www.nytimes.com/interactive/2020/11/03/us/elections/results-kansas.html,https://www.nytimes.com/interactive/2020/11/03/us/elections/ap-polls-kansas.html,house,general,2020-11-03,FALSE,U.S. House District 1,U.S. House,H,solid-rep,1,District 1,KS,kansas,Kansas,Kan.,horizontal,"",FALSE,TRUE,winner,AP,FALSE,"",285836,73284,20,unknown,First polls close at 8 p.m. Eastern time.,First polls close in,Most polls have closed.,2020-11-04T01:00:00.000Z,8 p.m.,1273,1336,95% reporting,95%,97,294000,edison,97%,97% reported,edison,republican,FALSE,2020-11-14T16:40:22Z,FALSE,42.93161,122714,R+43,Mann +43,republican,"","",3,0,1604459955514
20193,Thomas,3702,0,17,18,Other,100,3699,>98%,>98% reported,edison,6,unknown,3490,3104,598,0,0,2020-11-14T16:39:47Z,67.69314,R+68,Mann +68,republican,KS-G-H-1-2020-11-03,ks-house-general-district-001-2020-11-03,https://www.nytimes.com/interactive/2020/11/03/us/elections/results-kansas-house-district-1.html,https://www.nytimes.com/interactive/2020/11/03/us/elections/results-kansas.html,https://www.nytimes.com/interactive/2020/11/03/us/elections/ap-polls-kansas.html,house,general,2020-11-03,FALSE,U.S. House District 1,U.S. House,H,solid-rep,1,District 1,KS,kansas,Kansas,Kan.,horizontal,"",FALSE,TRUE,winner,AP,FALSE,"",285836,73284,20,unknown,First polls close at 8 p.m. Eastern time.,First polls close in,Most polls have closed.,2020-11-04T01:00:00.000Z,8 p.m.,1273,1336,95% reporting,95%,97,294000,edison,97%,97% reported,edison,republican,FALSE,2020-11-14T16:40:22Z,FALSE,42.93161,122714,R+43,Mann +43,republican,"","",3,0,1604459955514
20195,Trego,1577,0,11,11,Merged into voters' home precincts and released with cumulative results,100,1579,>98%,>98% reported,edison,2,unknown,1101,1314,263,0,0,2020-11-14T16:39:47Z,66.64553,R+67,Mann +67,republican,KS-G-H-1-2020-11-03,ks-house-general-district-001-2020-11-03,https://www.nytimes.com/interactive/2020/11/03/us/elections/results-kansas-house-district-1.html,https://www.nytimes.com/interactive/2020/11/03/us/elections/results-kansas.html,https://www.nytimes.com/interactive/2020/11/03/us/elections/ap-polls-kansas.html,house,general,2020-11-03,FALSE,U.S. House District 1,U.S. House,H,solid-rep,1,District 1,KS,kansas,Kansas,Kan.,horizontal,"",FALSE,TRUE,winner,AP,FALSE,"",285836,73284,20,unknown,First polls close at 8 p.m. Eastern time.,First polls close in,Most polls have closed.,2020-11-04T01:00:00.000Z,8 p.m.,1273,1336,95% reporting,95%,97,294000,edison,97%,97% reported,edison,republican,FALSE,2020-11-14T16:40:22Z,FALSE,42.93161,122714,R+43,Mann +43,republican,"","",3,0,1604459955514
20197,Wabaunsee,3801,0,6,6,Released as a precinct as first report of the night,100,3792,>98%,>98% reported,edison,6,all,995,2824,977,0,0,2020-11-14T16:39:48Z,48.59248,R+49,Mann +49,republican,KS-G-H-1-2020-11-03,ks-house-general-district-001-2020-11-03,https://www.nytimes.com/interactive/2020/11/03/us/elections/results-kansas-house-district-1.html,https://www.nytimes.com/interactive/2020/11/03/us/elections/results-kansas.html,https://www.nytimes.com/interactive/2020/11/03/us/elections/ap-polls-kansas.html,house,general,2020-11-03,FALSE,U.S. House District 1,U.S. House,H,solid-rep,1,District 1,KS,kansas,Kansas,Kan.,horizontal,"",FALSE,TRUE,winner,AP,FALSE,"",285836,73284,20,unknown,First polls close at 8 p.m. Eastern time.,First polls close in,Most polls have closed.,2020-11-04T01:00:00.000Z,8 p.m.,1273,1336,95% reporting,95%,97,294000,edison,97%,97% reported,edison,republican,FALSE,2020-11-14T16:40:22Z,FALSE,42.93161,122714,R+43,Mann +43,republican,"","",3,0,1604459955514
20199,Wallace,803,0,6,7,"As a precinct in the FIRST cumulative report, along with regular precincts",99,814,>98%,>98% reported,edison,2,unknown,490,746,57,0,0,2020-11-14T16:39:48Z,85.80324,R+86,Mann +86,republican,KS-G-H-1-2020-11-03,ks-house-general-district-001-2020-11-03,https://www.nytimes.com/interactive/2020/11/03/us/elections/results-kansas-house-district-1.html,https://www.nytimes.com/interactive/2020/11/03/us/elections/results-kansas.html,https://www.nytimes.com/interactive/2020/11/03/us/elections/ap-polls-kansas.html,house,general,2020-11-03,FALSE,U.S. House District 1,U.S. House,H,solid-rep,1,District 1,KS,kansas,Kansas,Kan.,horizontal,"",FALSE,TRUE,winner,AP,FALSE,"",285836,73284,20,unknown,First polls close at 8 p.m. Eastern time.,First polls close in,Most polls have closed.,2020-11-04T01:00:00.000Z,8 p.m.,1273,1336,95% reporting,95%,97,294000,edison,97%,97% reported,edison,republican,FALSE,2020-11-14T16:40:22Z,FALSE,42.93161,122714,R+43,Mann +43,republican,"","",3,0,1604459955514
20201,Washington,2802,0,24,26,Released as a separate subtotal as first report of the night,100,2774,>98%,>98% reported,edison,6,all,3883,2387,415,0,0,2020-11-14T16:39:49Z,70.3783,R+70,Mann +70,republican,KS-G-H-1-2020-11-03,ks-house-general-district-001-2020-11-03,https://www.nytimes.com/interactive/2020/11/03/us/elections/results-kansas-house-district-1.html,https://www.nytimes.com/interactive/2020/11/03/us/elections/results-kansas.html,https://www.nytimes.com/interactive/2020/11/03/us/elections/ap-polls-kansas.html,house,general,2020-11-03,FALSE,U.S. House District 1,U.S. House,H,solid-rep,1,District 1,KS,kansas,Kansas,Kan.,horizontal,"",FALSE,TRUE,winner,AP,FALSE,"",285836,73284,20,unknown,First polls close at 8 p.m. Eastern time.,First polls close in,Most polls have closed.,2020-11-04T01:00:00.000Z,8 p.m.,1273,1336,95% reporting,95%,97,294000,edison,97%,97% reported,edison,republican,FALSE,2020-11-14T16:40:22Z,FALSE,42.93161,122714,R+43,Mann +43,republican,"","",3,0,1604459955514
20203,Wichita,946,0,3,3,Merged into voters' home precincts and released with cumulative results,98,967,98%,98% reported,edison,2,unknown,301,786,160,0,0,2020-11-14T16:39:49Z,66.17336,R+66,Mann +66,republican,KS-G-H-1-2020-11-03,ks-house-general-district-001-2020-11-03,https://www.nytimes.com/interactive/2020/11/03/us/elections/results-kansas-house-district-1.html,https://www.nytimes.com/interactive/2020/11/03/us/elections/results-kansas.html,https://www.nytimes.com/interactive/2020/11/03/us/elections/ap-polls-kansas.html,house,general,2020-11-03,FALSE,U.S. House District 1,U.S. House,H,solid-rep,1,District 1,KS,kansas,Kansas,Kan.,horizontal,"",FALSE,TRUE,winner,AP,FALSE,"",285836,73284,20,unknown,First polls close at 8 p.m. Eastern time.,First polls close in,Most polls have closed.,2020-11-04T01:00:00.000Z,8 p.m.,1273,1336,95% reporting,95%,97,294000,edison,97%,97% reported,edison,republican,FALSE,2020-11-14T16:40:22Z,FALSE,42.93161,122714,R+43,Mann +43,republican,"","",3,0,1604459955514
